NVDA Daily Factor Loadings,,,,,,,,,,,,,,,
,,,,,,,,,,,,,,,
Date,Beta,Dividend Yield,Earnings Yield,Excess Beta,Growth,Leverage,Liquidity,Market,Mid Cap,Momentum,Quality,Semiconductors,Size,Value,Volatility
9/29/2022,2.08,-0.76,-0.27,0.33,0.38,-0.48,1.26,1,-0.54,-0.69,-0.42,1,0.89,-0.48,-0.8
9/30/2022,2.07,-0.76,-0.27,0.3,0.38,-0.48,1.25,1,-0.55,-0.75,-0.41,1,0.89,-0.49,-0.79
10/3/2022,2.07,-0.76,-0.28,0.34,0.41,-0.48,1.25,1,-0.55,-1.03,-0.41,1,0.89,-0.48,-0.79
10/4/2022,2.01,-0.76,-0.28,0.08,0.41,-0.48,1.25,1,-0.55,-1.06,-0.4,1,0.9,-0.49,-0.79
10/5/2022,2.01,-0.75,-0.28,0.06,0.41,-0.48,1.25,1,-0.55,-1.07,-0.4,1,0.89,-0.48,-0.79
10/6/2022,2,-0.75,-0.28,0.07,0.41,-0.48,1.25,1,-0.54,-1.09,-0.4,1,0.9,-0.49,-0.79
10/7/2022,2.08,-0.76,-0.28,0.35,0.41,-0.48,1.25,1,-0.54,-1.05,-0.41,1,0.89,-0.48,-0.78
10/10/2022,2.09,-0.76,-0.29,0.38,0.34,-0.48,1.25,1,-0.54,-1.05,-0.41,1,0.89,-0.47,-0.78
10/11/2022,2.09,-0.76,-0.28,0.37,0.34,-0.48,1.25,1,-0.54,-1.07,-0.41,1,0.89,-0.48,-0.79
10/12/2022,2.09,-0.75,-0.28,0.37,0.34,-0.47,1.26,1,-0.54,-1.24,-0.41,1,0.89,-0.47,-0.8
10/13/2022,2.15,-0.76,-0.27,0.67,0.35,-0.48,1.26,1,-0.54,-1.24,-0.41,1,0.88,-0.48,-0.83
10/14/2022,2.18,-0.76,-0.27,0.81,0.36,-0.48,1.26,1,-0.54,-1.28,-0.42,1,0.88,-0.47,-0.83
10/17/2022,2.18,-0.76,-0.27,0.75,0.36,-0.48,1.25,1,-0.54,-1.12,-0.41,1,0.88,-0.48,-0.82
10/18/2022,2.16,-0.76,-0.27,0.7,0.35,-0.48,1.25,1,-0.53,-1.08,-0.4,1,0.88,-0.47,-0.81
10/19/2022,2.14,-0.76,-0.27,0.6,0.36,-0.48,1.24,1,-0.53,-1.07,-0.41,1,0.87,-0.47,-0.81
10/20/2022,2.13,-0.76,-0.27,0.55,0.37,-0.47,1.24,1,-0.53,-0.99,-0.41,1,0.87,-0.48,-0.81
10/21/2022,2.12,-0.76,-0.27,0.65,0.37,-0.47,1.23,1,-0.53,-1.12,-0.41,1,0.87,-0.47,-0.81
10/24/2022,2.13,-0.75,-0.27,0.73,0.37,-0.47,1.24,1,-0.53,-1.07,-0.41,1,0.86,-0.47,-0.82
10/25/2022,2.11,-0.75,-0.27,0.58,0.38,-0.48,1.25,1,-0.53,-1.09,-0.4,1,0.87,-0.48,-0.85
10/26/2022,2.12,-0.75,-0.27,0.62,0.4,-0.48,1.25,1,-0.53,-1.05,-0.4,1,0.88,-0.49,-0.89
10/27/2022,2.12,-0.76,-0.27,0.6,0.41,-0.49,1.26,1,-0.53,-1.06,-0.41,1,0.88,-0.49,-0.91
10/28/2022,2.18,-0.76,-0.27,0.89,0.43,-0.49,1.26,1,-0.53,-1.09,-0.41,1,0.88,-0.5,-0.94
10/31/2022,2.19,-0.76,-0.28,0.95,0.43,-0.49,1.27,1,-0.53,-1.05,-0.41,1,0.88,-0.5,-0.94
11/1/2022,2.2,-0.77,-0.29,0.97,0.47,-0.5,1.28,1,-0.53,-1.04,-0.41,1,0.89,-0.5,-0.97
11/2/2022,2.12,-0.78,-0.29,0.63,0.49,-0.5,1.29,1,-0.53,-1.01,-0.42,1,0.89,-0.5,-0.92
11/3/2022,2.11,-0.79,-0.29,0.57,0.5,-0.51,1.29,1,-0.54,-0.97,-0.42,1,0.89,-0.5,-0.93
11/4/2022,2.18,-0.78,-0.29,1.01,0.51,-0.5,1.27,1,-0.54,-0.95,-0.42,1,0.9,-0.51,-0.94
11/7/2022,2.17,-0.79,-0.3,1.06,0.51,-0.5,1.26,1,-0.54,-1.11,-0.42,1,0.9,-0.51,-0.96
11/8/2022,2.18,-0.78,-0.3,1.1,0.52,-0.5,1.26,1,-0.54,-1.17,-0.42,1,0.9,-0.51,-0.96
11/9/2022,2.19,-0.78,-0.3,1.11,0.54,-0.5,1.26,1,-0.54,-1.16,-0.43,1,0.9,-0.5,-1
11/10/2022,2.18,-0.78,-0.29,1.14,0.53,-0.5,1.25,1,-0.55,-1.16,-0.42,1,0.91,-0.52,-0.89
11/11/2022,2.14,-0.77,-0.29,0.95,0.52,-0.5,1.25,1,-0.55,-1.08,-0.4,1,0.92,-0.52,-0.92
11/14/2022,2.13,-0.78,-0.3,0.89,0.52,-0.5,1.25,1,-0.55,-1.2,-0.4,1,0.92,-0.52,-0.91
11/15/2022,2.12,-0.78,-0.3,0.83,0.52,-0.5,1.26,1,-0.55,-1.11,-0.4,1,0.93,-0.52,-0.93
11/16/2022,2.14,-0.78,-0.29,0.87,0.45,-0.48,1.26,1,-0.55,-1.14,-0.5,1,0.93,-0.53,-0.93
11/17/2022,2.14,-0.78,-0.29,0.88,0.3,-0.48,1.26,1,-0.55,-1.04,-0.54,1,0.93,-0.52,-0.93
11/18/2022,2.14,-0.78,-0.29,0.89,0.31,-0.48,1.26,1,-0.55,-0.98,-0.54,1,0.94,-0.52,-0.92
11/21/2022,2.15,-0.78,-0.29,0.89,0.31,-0.48,1.26,1,-0.55,-0.98,-0.53,1,0.94,-0.52,-0.93
11/22/2022,2.18,-0.78,-0.28,1.15,0.31,-0.48,1.26,1,-0.55,-0.96,-0.53,1,0.95,-0.52,-0.93
11/23/2022,2.18,-0.78,-0.28,1.14,0.31,-0.48,1.25,1,-0.56,-0.89,-0.52,1,0.95,-0.52,-0.94
11/25/2022,2.18,-0.78,-0.28,1.14,0.31,-0.48,1.24,1,-0.56,-0.97,-0.5,1,0.95,-0.52,-0.93
11/28/2022,2.18,-0.78,-0.28,1.13,0.31,-0.48,1.23,1,-0.56,-0.87,-0.5,1,0.95,-0.52,-0.93
11/29/2022,2.18,-0.78,-0.28,1.11,0.31,-0.48,1.23,1,-0.56,-0.78,-0.49,1,0.96,-0.52,-0.94
11/30/2022,2.24,-0.78,-0.28,1.42,0.3,-0.48,1.22,1,-0.56,-0.83,-0.49,1,0.96,-0.52,-0.95
12/1/2022,2.23,-0.77,-0.29,1.42,0.32,-0.48,1.2,1,-0.56,-0.8,-0.49,1,0.96,-0.52,-0.96
12/2/2022,2.24,-0.77,-0.29,1.41,0.31,-0.48,1.19,1,-0.57,-0.76,-0.49,1,0.97,-0.52,-0.97
12/5/2022,2.2,-0.78,-0.29,1.15,0.32,-0.48,1.18,1,-0.57,-0.66,-0.5,1,0.97,-0.52,-0.96
12/6/2022,2.22,-0.78,-0.3,1.21,0.32,-0.48,1.18,1,-0.57,-0.53,-0.5,1,0.97,-0.52,-0.97
12/7/2022,2.21,-0.78,-0.3,1.18,0.32,-0.48,1.17,1,-0.57,-0.52,-0.51,1,0.97,-0.52,-0.95
12/8/2022,2.24,-0.78,-0.3,1.32,0.32,-0.48,1.16,1,-0.57,-0.47,-0.5,1,0.97,-0.52,-0.9
12/9/2022,2.23,-0.78,-0.3,1.3,0.32,-0.48,1.17,1,-0.57,-0.55,-0.5,1,0.98,-0.52,-0.91
12/12/2022,2.23,-0.78,-0.3,1.29,0.32,-0.48,1.16,1,-0.57,-0.32,-0.5,1,0.98,-0.53,-0.93
12/13/2022,2.23,-0.78,-0.3,1.35,0.32,-0.49,1.16,1,-0.57,-0.25,-0.5,1,0.98,-0.53,-0.92
12/14/2022,2.24,-0.78,-0.3,1.41,0.33,-0.49,1.16,1,-0.57,-0.22,-0.5,1,0.98,-0.53,-0.92
12/15/2022,2.24,-0.78,-0.3,1.35,0.32,-0.48,1.15,1,-0.57,-0.18,-0.49,1,0.98,-0.52,-0.86
12/16/2022,2.25,-0.78,-0.3,1.41,0.32,-0.48,1.15,1,-0.57,-0.3,-0.49,1,0.98,-0.52,-0.89
12/19/2022,2.23,-0.78,-0.3,1.31,0.33,-0.48,1.14,1,-0.57,-0.33,-0.5,1,0.98,-0.52,-0.87
12/20/2022,2.23,-0.78,-0.3,1.3,0.33,-0.48,1.13,1,-0.57,-0.4,-0.5,1,0.98,-0.51,-0.85
12/21/2022,2.25,-0.78,-0.31,1.41,0.33,-0.48,1.14,1,-0.58,-0.4,-0.51,1,0.98,-0.52,-0.89
12/22/2022,2.32,-0.78,-0.31,1.75,0.34,-0.48,1.14,1,-0.58,-0.29,-0.52,1,0.99,-0.51,-0.86
12/23/2022,2.32,-0.78,-0.3,1.75,0.34,-0.48,1.14,1,-0.58,-0.21,-0.52,1,0.99,-0.51,-0.82
12/27/2022,2.34,-0.79,-0.3,1.85,0.34,-0.48,1.14,1,-0.58,-0.26,-0.53,1,0.99,-0.5,-0.76
12/28/2022,2.34,-0.78,-0.29,1.81,0.34,-0.48,1.15,1,-0.58,-0.3,-0.52,1,0.99,-0.5,-0.75
12/29/2022,2.3,-0.78,-0.28,1.61,0.34,-0.48,1.15,1,-0.58,-0.33,-0.52,1,0.99,-0.51,-0.75
12/30/2022,2.3,-0.77,-0.28,1.61,0.34,-0.48,1.16,1,-0.58,-0.17,-0.52,1,0.99,-0.51,-0.76
1/3/2023,2.31,-0.78,-0.28,1.67,0.33,-0.48,1.16,1,-0.59,-0.13,-0.52,1,0.99,-0.52,-0.78
1/4/2023,2.3,-0.78,-0.28,1.59,0.33,-0.49,1.16,1,-0.59,-0.18,-0.51,1,0.99,-0.53,-0.82
1/5/2023,2.31,-0.79,-0.29,1.64,0.34,-0.49,1.15,1,-0.59,-0.16,-0.51,1,0.99,-0.52,-0.82
1/6/2023,2.35,-0.79,-0.29,2.03,0.34,-0.49,1.15,1,-0.58,-0.24,-0.52,1,0.99,-0.53,-0.81
1/9/2023,2.34,-0.79,-0.29,2,0.34,-0.49,1.14,1,-0.58,-0.19,-0.51,1,0.99,-0.53,-0.77
1/10/2023,2.34,-0.79,-0.3,1.93,0.33,-0.49,1.14,1,-0.58,0,-0.51,1,0.99,-0.54,-0.79
1/11/2023,2.29,-0.78,-0.3,1.65,0.33,-0.49,1.13,1,-0.58,0,-0.51,1,0.99,-0.54,-0.78
1/12/2023,2.29,-0.79,-0.3,1.65,0.33,-0.5,1.14,1,-0.58,0.06,-0.5,1,0.99,-0.55,-0.79
1/13/2023,2.29,-0.79,-0.31,1.65,0.33,-0.5,1.13,1,-0.58,0.15,-0.5,1,0.99,-0.56,-0.8
1/17/2023,2.28,-0.79,-0.31,1.61,0.33,-0.5,1.12,1,-0.58,0.08,-0.49,1,0.99,-0.56,-0.75
1/18/2023,2.28,-0.8,-0.32,1.59,0.33,-0.5,1.12,1,-0.58,0.03,-0.49,1,0.99,-0.56,-0.74
1/19/2023,2.29,-0.8,-0.32,1.63,0.33,-0.5,1.11,1,-0.58,-0.01,-0.5,1,0.99,-0.56,-0.75
1/20/2023,2.33,-0.8,-0.32,1.85,0.32,-0.5,1.11,1,-0.59,-0.04,-0.49,1,0.99,-0.57,-0.74
1/23/2023,2.37,-0.8,-0.32,2.05,0.32,-0.5,1.1,1,-0.59,-0.07,-0.49,1,0.99,-0.57,-0.69
1/24/2023,2.37,-0.8,-0.32,2.06,0.32,-0.5,1.11,1,-0.59,-0.04,-0.5,1,1,-0.57,-0.7
1/25/2023,2.38,-0.8,-0.33,2.06,0.33,-0.5,1.11,1,-0.59,-0.23,-0.5,1,1,-0.57,-0.7
1/26/2023,2.38,-0.79,-0.33,2.17,0.33,-0.5,1.11,1,-0.59,-0.26,-0.49,1,1,-0.57,-0.71
1/27/2023,2.36,-0.79,-0.33,2.06,0.33,-0.5,1.12,1,-0.59,-0.45,-0.5,1,1,-0.57,-0.74
1/30/2023,2.4,-0.79,-0.33,2.24,0.34,-0.5,1.12,1,-0.59,-0.44,-0.5,1,1,-0.57,-0.72
1/31/2023,2.38,-0.8,-0.33,2.04,0.34,-0.51,1.12,1,-0.59,-0.39,-0.5,1,1,-0.57,-0.73
2/1/2023,2.4,-0.79,-0.33,2.24,0.35,-0.51,1.13,1,-0.59,-0.38,-0.5,1,1,-0.58,-0.69
2/2/2023,2.34,-0.79,-0.33,1.85,0.35,-0.5,1.13,1,-0.59,-0.42,-0.49,1,1,-0.59,-0.72
2/3/2023,2.34,-0.8,-0.34,1.82,0.36,-0.5,1.13,1,-0.59,-0.38,-0.49,1,1,-0.59,-0.73
2/6/2023,2.34,-0.8,-0.34,1.76,0.36,-0.5,1.13,1,-0.59,-0.45,-0.49,1,1,-0.58,-0.72
2/7/2023,2.37,-0.8,-0.34,2.06,0.36,-0.5,1.14,1,-0.59,-0.36,-0.49,1,0.99,-0.58,-0.72
2/8/2023,2.34,-0.81,-0.35,1.85,0.37,-0.5,1.14,1,-0.59,-0.21,-0.49,1,0.99,-0.58,-0.71
2/9/2023,2.31,-0.8,-0.35,1.72,0.37,-0.5,1.13,1,-0.59,-0.18,-0.49,1,0.99,-0.58,-0.71
2/10/2023,2.32,-0.8,-0.35,1.72,0.37,-0.5,1.14,1,-0.59,-0.23,-0.5,1,0.99,-0.57,-0.65
2/13/2023,2.32,-0.8,-0.35,1.75,0.38,-0.5,1.14,1,-0.59,-0.13,-0.49,1,0.99,-0.57,-0.65
2/14/2023,2.31,-0.79,-0.35,1.75,0.38,-0.5,1.15,1,-0.59,-0.05,-0.48,1,0.99,-0.58,-0.59
2/15/2023,2.28,-0.79,-0.34,1.48,0.38,-0.5,1.15,1,-0.59,0.15,-0.47,1,1,-0.57,-0.63
2/16/2023,2.28,-0.8,-0.34,1.45,0.38,-0.5,1.15,1,-0.59,0.13,-0.47,1,1,-0.58,-0.63
2/17/2023,2.3,-0.8,-0.34,1.53,0.39,-0.5,1.14,1,-0.59,0.02,-0.47,1,1,-0.58,-0.62
2/21/2023,2.25,-0.8,-0.35,1.3,0.4,-0.5,1.13,1,-0.59,0.19,-0.5,1,1,-0.57,-0.62
2/22/2023,2.25,-0.8,-0.33,1.28,0.3,-0.5,1.12,1,-0.59,0.44,-0.61,1,1,-0.57,-0.64
2/23/2023,2.33,-0.79,-0.33,1.74,0.49,-0.51,1.14,1,-0.59,0.45,-0.6,1,1,-0.58,-0.24
2/24/2023,2.31,-0.8,-0.33,1.66,0.49,-0.51,1.14,1,-0.59,0.46,-0.6,1,1,-0.58,-0.23
2/27/2023,2.32,-0.8,-0.33,1.67,0.49,-0.5,1.13,1,-0.59,0.52,-0.58,1,1,-0.58,-0.24
2/28/2023,2.31,-0.79,-0.33,1.68,0.49,-0.5,1.14,1,-0.59,0.65,-0.57,1,1,-0.58,-0.26
3/1/2023,2.32,-0.79,-0.33,1.75,0.51,-0.51,1.14,1,-0.59,0.43,-0.57,1,1,-0.58,-0.29
3/2/2023,2.34,-0.79,-0.33,1.86,0.51,-0.51,1.14,1,-0.59,0.44,-0.57,1,1,-0.58,-0.29
3/3/2023,2.31,-0.79,-0.33,1.64,0.51,-0.51,1.15,1,-0.59,0.72,-0.57,1,1,-0.58,-0.3
3/6/2023,2.31,-0.79,-0.33,1.64,0.51,-0.5,1.15,1,-0.59,0.85,-0.57,1,1,-0.57,-0.33
3/7/2023,2.3,-0.78,-0.33,1.64,0.51,-0.5,1.16,1,-0.59,0.74,-0.58,1,1,-0.57,-0.32
3/8/2023,2.3,-0.78,-0.33,1.63,0.51,-0.5,1.16,1,-0.59,0.75,-0.58,1,1,-0.57,-0.3
3/9/2023,2.29,-0.77,-0.33,1.54,0.52,-0.5,1.17,1,-0.59,0.92,-0.59,1,0.99,-0.56,-0.3
3/10/2023,2.25,-0.77,-0.33,1.26,0.52,-0.49,1.17,1,-0.58,0.95,-0.59,1,0.99,-0.56,-0.31
3/13/2023,2.25,-0.76,-0.32,1.26,0.51,-0.48,1.16,1,-0.58,0.98,-0.58,1,0.98,-0.54,-0.33
3/14/2023,2.32,-0.75,-0.31,1.68,0.51,-0.48,1.16,1,-0.58,0.73,-0.58,1,0.98,-0.54,-0.35
3/15/2023,2.29,-0.74,-0.31,1.57,0.51,-0.48,1.15,1,-0.58,0.78,-0.59,1,0.97,-0.53,-0.37
3/16/2023,2.36,-0.73,-0.31,1.96,0.5,-0.47,1.14,1,-0.57,1.02,-0.59,1,0.97,-0.53,-0.4
3/17/2023,2.31,-0.72,-0.31,1.63,0.5,-0.47,1.14,1,-0.57,0.99,-0.59,1,0.96,-0.52,-0.35
3/20/2023,2.34,-0.72,-0.31,1.82,0.52,-0.46,1.14,1,-0.57,0.87,-0.59,1,0.97,-0.52,-0.37
3/21/2023,2.27,-0.72,-0.31,1.43,0.51,-0.47,1.15,1,-0.57,0.76,-0.59,1,0.97,-0.53,-0.36
3/22/2023,2.18,-0.72,-0.32,0.92,0.52,-0.47,1.17,1,-0.57,0.67,-0.6,1,0.97,-0.52,-0.3
3/23/2023,2.18,-0.71,-0.32,0.96,0.52,-0.46,1.17,1,-0.57,0.72,-0.6,1,0.96,-0.52,-0.31
3/24/2023,2.18,-0.71,-0.32,0.92,0.52,-0.46,1.17,1,-0.57,1.26,-0.6,1,0.96,-0.52,-0.3
3/27/2023,2.16,-0.72,-0.32,0.87,0.52,-0.47,1.17,1,-0.57,1.18,-0.6,1,0.96,-0.52,-0.31
3/28/2023,2.17,-0.72,-0.32,0.89,0.52,-0.47,1.16,1,-0.57,1.22,-0.6,1,0.97,-0.52,-0.32
3/29/2023,2.14,-0.72,-0.32,0.74,0.52,-0.47,1.16,1,-0.57,1.15,-0.6,1,0.97,-0.52,-0.32
3/30/2023,2.15,-0.72,-0.32,0.79,0.51,-0.47,1.14,1,-0.57,1.03,-0.61,1,0.97,-0.52,-0.32
3/31/2023,2.1,-0.72,-0.32,0.56,0.51,-0.48,1.14,1,-0.57,1.12,-0.6,1,0.97,-0.52,-0.31
4/3/2023,2.11,-0.71,-0.31,0.6,0.54,-0.47,1.15,1,-0.57,1.18,-0.6,1,0.97,-0.52,-0.33
4/4/2023,2.12,-0.71,-0.32,0.67,0.55,-0.47,1.15,1,-0.57,1.12,-0.61,1,0.96,-0.51,-0.35
4/5/2023,2.14,-0.71,-0.32,0.68,0.55,-0.46,1.15,1,-0.57,1.12,-0.61,1,0.96,-0.51,-0.35
4/6/2023,2.13,-0.72,-0.32,0.63,0.55,-0.47,1.15,1,-0.57,1.28,-0.61,1,0.96,-0.51,-0.35
4/10/2023,2.14,-0.71,-0.32,0.65,0.55,-0.47,1.16,1,-0.57,1.18,-0.61,1,0.96,-0.52,-0.36
4/11/2023,2.13,-0.72,-0.32,0.62,0.55,-0.48,1.16,1,-0.57,1.15,-0.61,1,0.97,-0.52,-0.38
4/12/2023,2.14,-0.72,-0.32,0.66,0.55,-0.47,1.16,1,-0.57,1.15,-0.6,1,0.97,-0.52,-0.38
4/13/2023,2.07,-0.71,-0.32,0.4,0.55,-0.47,1.17,1,-0.57,1.24,-0.6,1,0.96,-0.51,-0.37
4/14/2023,2.06,-0.71,-0.32,0.36,0.55,-0.47,1.17,1,-0.57,1.33,-0.6,1,0.96,-0.51,-0.36
4/17/2023,2.06,-0.71,-0.32,0.38,0.56,-0.48,1.17,1,-0.57,1.44,-0.6,1,0.96,-0.52,-0.38
4/18/2023,2.06,-0.71,-0.32,0.37,0.56,-0.48,1.17,1,-0.57,1.49,-0.59,1,0.96,-0.51,-0.38
4/19/2023,2.06,-0.71,-0.32,0.37,0.56,-0.48,1.17,1,-0.57,1.44,-0.59,1,0.96,-0.52,-0.39
4/20/2023,2.08,-0.71,-0.32,0.45,0.56,-0.48,1.18,1,-0.57,1.47,-0.6,1,0.96,-0.51,-0.39
4/21/2023,2.08,-0.71,-0.32,0.43,0.56,-0.48,1.18,1,-0.57,1.52,-0.6,1,0.96,-0.51,-0.4
4/24/2023,2.08,-0.7,-0.32,0.44,0.56,-0.48,1.17,1,-0.57,1.59,-0.6,1,0.96,-0.51,-0.4
4/25/2023,2.07,-0.71,-0.32,0.4,0.57,-0.48,1.17,1,-0.57,1.52,-0.6,1,0.96,-0.5,-0.41
4/26/2023,2.06,-0.7,-0.32,0.36,0.57,-0.47,1.17,1,-0.57,1.47,-0.6,1,0.96,-0.5,-0.4
4/27/2023,2.01,-0.7,-0.32,0.24,0.57,-0.47,1.16,1,-0.57,1.44,-0.59,1,0.95,-0.5,-0.37
4/28/2023,2.01,-0.7,-0.32,0.31,0.57,-0.47,1.15,1,-0.57,1.49,-0.6,1,0.95,-0.51,-0.39
5/1/2023,2,-0.69,-0.32,0.26,0.56,-0.47,1.16,1,-0.57,1.5,-0.6,1,0.95,-0.5,-0.34
5/2/2023,2,-0.69,-0.32,0.22,0.56,-0.47,1.16,1,-0.57,1.52,-0.61,1,0.95,-0.49,-0.37
5/3/2023,2.01,-0.69,-0.32,0.29,0.57,-0.46,1.15,1,-0.57,1.5,-0.6,1,0.95,-0.49,-0.38
5/4/2023,2.01,-0.68,-0.32,0.3,0.57,-0.46,1.16,1,-0.57,1.45,-0.61,1,0.95,-0.48,-0.42
5/5/2023,2.01,-0.68,-0.32,0.31,0.57,-0.47,1.17,1,-0.57,1.36,-0.6,1,0.95,-0.5,-0.47
5/8/2023,2,-0.67,-0.33,0.27,0.57,-0.46,1.17,1,-0.57,1.38,-0.6,1,0.95,-0.5,-0.48
5/9/2023,2.02,-0.67,-0.33,0.33,0.58,-0.46,1.16,1,-0.57,1.44,-0.6,1,0.95,-0.49,-0.48
5/10/2023,2.01,-0.66,-0.33,0.31,0.58,-0.46,1.16,1,-0.57,1.38,-0.61,1,0.95,-0.49,-0.49
5/11/2023,2.02,-0.66,-0.33,0.34,0.58,-0.46,1.16,1,-0.57,1.24,-0.61,1,0.95,-0.49,-0.51
5/12/2023,2.03,-0.66,-0.34,0.33,0.59,-0.45,1.15,1,-0.57,1.2,-0.61,1,0.95,-0.49,-0.51
5/15/2023,2.01,-0.66,-0.34,0.28,0.58,-0.46,1.15,1,-0.57,1.22,-0.61,1,0.95,-0.49,-0.54
5/16/2023,1.97,-0.65,-0.33,0.19,0.58,-0.45,1.14,1,-0.57,1.25,-0.61,1,0.94,-0.49,-0.51
5/17/2023,1.96,-0.66,-0.34,0.15,0.59,-0.46,1.14,1,-0.57,1.32,-0.59,1,0.94,-0.51,-0.53
5/18/2023,2.01,-0.66,-0.34,0.35,0.58,-0.46,1.14,1,-0.57,1.38,-0.59,1,0.94,-0.51,-0.5
5/19/2023,2.01,-0.66,-0.35,0.35,0.58,-0.46,1.15,1,-0.57,1.25,-0.59,1,0.94,-0.5,-0.5
5/22/2023,1.98,-0.66,-0.34,0.24,0.58,-0.45,1.15,1,-0.57,1.25,-0.6,1,0.94,-0.51,-0.52
5/23/2023,1.99,-0.67,-0.35,0.29,0.59,-0.46,1.15,1,-0.57,1.23,-0.6,1,0.95,-0.52,-0.53
5/24/2023,1.98,-0.66,-0.35,0.27,0.51,-0.47,1.12,1,-0.57,1.15,-0.55,1,0.94,-0.5,-0.53
5/25/2023,2.28,-0.66,-0.29,1.69,1,-0.47,1.13,1,-0.57,1.27,-0.62,1,0.93,-0.51,0.57
5/26/2023,2.26,-0.66,-0.29,1.63,1.02,-0.47,1.14,1,-0.56,1.24,-0.61,1,0.93,-0.51,0.55
5/30/2023,2.25,-0.66,-0.3,1.57,1.04,-0.47,1.14,1,-0.56,1.29,-0.61,1,0.93,-0.51,0.53
5/31/2023,2.29,-0.66,-0.3,1.86,1.06,-0.46,1.16,1,-0.56,1.43,-0.6,1,0.93,-0.5,0.54
6/1/2023,2.37,-0.66,-0.31,2.2,1.05,-0.47,1.16,1,-0.56,1.32,-0.61,1,0.93,-0.5,0.51
6/2/2023,2.23,-0.67,-0.31,1.51,1.06,-0.47,1.16,1,-0.56,1.29,-0.61,1,0.94,-0.52,0.55
6/5/2023,2.21,-0.66,-0.31,1.46,1.05,-0.47,1.16,1,-0.56,1.27,-0.61,1,0.93,-0.51,0.53
6/6/2023,2.17,-0.67,-0.31,1.24,1.06,-0.47,1.16,1,-0.57,1.37,-0.61,1,0.94,-0.52,0.53
6/7/2023,2.2,-0.68,-0.32,1.3,1.06,-0.48,1.15,1,-0.57,1.42,-0.61,1,0.95,-0.54,0.5
6/8/2023,2.22,-0.69,-0.32,1.46,1.06,-0.48,1.15,1,-0.57,1.34,-0.61,1,0.94,-0.53,0.49
6/9/2023,2.21,-0.68,-0.32,1.46,1.06,-0.48,1.15,1,-0.57,1.38,-0.61,1,0.94,-0.53,0.47
6/12/2023,2.2,-0.68,-0.32,1.41,1.05,-0.48,1.16,1,-0.56,1.32,-0.61,1,0.94,-0.53,0.45
6/13/2023,2.22,-0.68,-0.32,1.42,1.05,-0.48,1.16,1,-0.56,1.28,-0.61,1,0.94,-0.53,0.42
6/14/2023,2.22,-0.68,-0.32,1.45,1.05,-0.47,1.17,1,-0.56,1.37,-0.61,1,0.94,-0.52,0.45
6/15/2023,2.15,-0.67,-0.32,1.2,1.06,-0.47,1.17,1,-0.56,1.39,-0.61,1,0.93,-0.52,0.48
6/16/2023,2.13,-0.67,-0.32,1.15,1.05,-0.47,1.18,1,-0.56,1.52,-0.6,1,0.93,-0.51,0.47
6/20/2023,2.09,-0.66,-0.32,1.04,1.1,-0.47,1.18,1,-0.56,1.65,-0.6,1,0.93,-0.51,0.49
6/21/2023,2.11,-0.67,-0.33,1.05,1.1,-0.47,1.18,1,-0.56,1.6,-0.61,1,0.93,-0.51,0.48
6/22/2023,2.11,-0.66,-0.33,1.11,1.11,-0.46,1.18,1,-0.56,1.65,-0.62,1,0.93,-0.51,0.48
6/23/2023,2.13,-0.65,-0.33,1.15,1.11,-0.46,1.21,1,-0.56,1.66,-0.62,1,0.93,-0.5,0.46
6/26/2023,2.17,-0.65,-0.33,1.26,1.11,-0.47,1.22,1,-0.56,1.63,-0.63,1,0.93,-0.51,0.47
6/27/2023,2.14,-0.65,-0.33,1.2,1.12,-0.47,1.22,1,-0.56,2.42,-0.63,1,0.94,-0.51,0.45
6/28/2023,2.13,-0.65,-0.32,1.11,1.11,-0.47,1.22,1,-0.56,2.46,-0.63,1,0.94,-0.51,0.43
6/29/2023,2.11,-0.65,-0.32,0.98,1.12,-0.47,1.23,1,-0.56,2.51,-0.63,1,0.94,-0.51,0.43
6/30/2023,2.15,-0.65,-0.32,1.19,1.11,-0.47,1.23,1,-0.56,2.31,-0.63,1,0.94,-0.51,0.4
7/3/2023,2.16,-0.65,-0.32,1.15,1.11,-0.47,1.22,1,-0.56,2.47,-0.63,1,0.94,-0.51,0.38
7/5/2023,2.15,-0.65,-0.32,1.21,1.11,-0.47,1.23,1,-0.56,2.42,-0.63,1,0.94,-0.51,0.36
7/6/2023,2.13,-0.65,-0.32,1.05,1.11,-0.47,1.22,1,-0.56,2.36,-0.63,1,0.94,-0.5,0.36
7/7/2023,2.13,-0.66,-0.32,1.02,1.11,-0.47,1.22,1,-0.56,2.33,-0.63,1,0.94,-0.52,0.34
7/10/2023,2.09,-0.65,-0.32,0.8,1.17,-0.47,1.23,1,-0.57,2.25,-0.62,1,0.95,-0.52,0.31
7/11/2023,2.05,-0.65,-0.32,0.67,1.17,-0.47,1.22,1,-0.57,2.29,-0.62,1,0.95,-0.52,0.3
7/12/2023,2.08,-0.66,-0.32,0.76,1.25,-0.47,1.22,1,-0.57,2.28,-0.62,1,0.95,-0.52,0.29
7/13/2023,2.12,-0.65,-0.32,0.92,1.26,-0.47,1.23,1,-0.57,2.32,-0.61,1,0.95,-0.52,0.26
7/14/2023,2.12,-0.65,-0.32,0.93,1.27,-0.47,1.23,1,-0.57,2.49,-0.62,1,0.94,-0.51,0.25
7/17/2023,2.12,-0.65,-0.32,0.9,1.28,-0.47,1.24,1,-0.57,2.57,-0.62,1,0.95,-0.52,0.23
7/18/2023,2.12,-0.65,-0.32,0.92,1.27,-0.47,1.24,1,-0.57,2.55,-0.62,1,0.95,-0.52,0.2
7/19/2023,2.11,-0.66,-0.32,0.85,1.28,-0.48,1.23,1,-0.57,2.54,-0.61,1,0.95,-0.53,0.18
7/20/2023,2.13,-0.67,-0.33,0.86,1.27,-0.48,1.24,1,-0.57,2.56,-0.62,1,0.95,-0.53,0.18
7/21/2023,2.13,-0.67,-0.33,0.86,1.28,-0.48,1.25,1,-0.57,2.55,-0.63,1,0.95,-0.53,0.19
7/24/2023,2.13,-0.67,-0.32,0.9,1.3,-0.48,1.26,1,-0.57,2.51,-0.63,1,0.95,-0.53,0.18
7/25/2023,2.14,-0.67,-0.32,0.96,1.3,-0.48,1.26,1,-0.57,2.46,-0.63,1,0.95,-0.53,0.16
7/26/2023,2.14,-0.68,-0.32,0.93,1.31,-0.48,1.26,1,-0.57,2.33,-0.64,1,0.95,-0.54,0.13
7/27/2023,2.09,-0.68,-0.32,0.7,1.31,-0.48,1.26,1,-0.57,2.41,-0.64,1,0.95,-0.54,0.13
7/28/2023,2.04,-0.68,-0.32,0.46,1.3,-0.48,1.27,1,-0.57,2.3,-0.64,1,0.95,-0.54,0.09
7/31/2023,2.02,-0.68,-0.32,0.37,1.3,-0.48,1.27,1,-0.57,2.23,-0.64,1,0.95,-0.54,0.07
8/1/2023,2.02,-0.68,-0.33,0.36,1.32,-0.48,1.26,1,-0.58,2.32,-0.64,1,0.95,-0.54,0.04
8/2/2023,2.07,-0.69,-0.34,0.46,1.33,-0.48,1.26,1,-0.57,2.37,-0.65,1,0.95,-0.54,0.02
8/3/2023,2.06,-0.69,-0.34,0.44,1.34,-0.48,1.27,1,-0.57,2.36,-0.65,1,0.95,-0.54,-0.02
8/4/2023,2.05,-0.69,-0.34,0.46,1.34,-0.48,1.28,1,-0.57,2.37,-0.65,1,0.95,-0.55,-0.05
8/7/2023,2.09,-0.69,-0.34,0.64,1.35,-0.48,1.27,1,-0.57,2.46,-0.66,1,0.95,-0.55,-0.04
8/8/2023,2.1,-0.69,-0.34,0.67,1.36,-0.48,1.27,1,-0.57,2.4,-0.66,1,0.95,-0.55,-0.05
8/9/2023,2.17,-0.69,-0.35,0.91,1.37,-0.48,1.29,1,-0.57,2.45,-0.66,1,0.95,-0.55,-0.06
8/10/2023,2.16,-0.69,-0.34,0.92,1.39,-0.48,1.29,1,-0.57,2.6,-0.67,1,0.95,-0.54,-0.07
8/11/2023,2.18,-0.7,-0.34,0.94,1.39,-0.48,1.3,1,-0.57,2.63,-0.67,1,0.95,-0.55,-0.06
8/14/2023,2.26,-0.69,-0.34,1.35,1.4,-0.48,1.3,1,-0.57,2.59,-0.68,1,0.94,-0.54,-0.01
8/15/2023,2.17,-0.69,-0.34,0.97,1.4,-0.48,1.31,1,-0.56,2.61,-0.68,1,0.94,-0.54,0.04
8/16/2023,2.15,-0.68,-0.34,0.89,1.4,-0.47,1.32,1,-0.57,2.62,-0.68,1,0.94,-0.53,0.03
8/17/2023,2.12,-0.68,-0.34,0.74,1.4,-0.47,1.33,1,-0.56,2.63,-0.67,1,0.94,-0.54,0.03
8/18/2023,2.13,-0.68,-0.34,0.74,1.4,-0.47,1.33,1,-0.56,2.63,-0.67,1,0.94,-0.54,0.03
8/21/2023,2.24,-0.68,-0.34,1.28,1.45,-0.47,1.32,1,-0.56,2.52,-0.66,1,0.94,-0.53,0.1
8/22/2023,2.26,-0.68,-0.34,1.37,1.45,-0.47,1.33,1,-0.56,2.56,-0.67,1,0.94,-0.53,0.1
8/23/2023,2.27,-0.67,-0.32,1.48,1.3,-0.5,1.34,1,-0.56,2.58,-0.44,1,0.93,-0.52,0.09
8/24/2023,2.17,-0.67,-0.25,0.96,1.51,-0.51,1.35,1,-0.56,2.62,-0.46,1,0.94,-0.53,0.07
8/25/2023,2.11,-0.67,-0.25,0.72,1.5,-0.5,1.33,1,-0.56,2.61,-0.49,1,0.94,-0.52,0.12
8/28/2023,2.12,-0.67,-0.25,0.78,1.5,-0.51,1.33,1,-0.56,2.62,-0.48,1,0.94,-0.52,0.11
8/29/2023,2.12,-0.67,-0.25,0.75,1.51,-0.51,1.32,1,-0.56,2.64,-0.48,1,0.93,-0.52,0.08
8/30/2023,2.12,-0.67,-0.25,0.73,1.52,-0.51,1.33,1,-0.56,2.55,-0.48,1,0.93,-0.52,0.07
8/31/2023,2.11,-0.67,-0.25,0.74,1.52,-0.51,1.32,1,-0.56,2.33,-0.48,1,0.93,-0.52,0.07
9/1/2023,2.1,-0.68,-0.26,0.69,1.5,-0.51,1.33,1,-0.56,2.37,-0.49,1,0.94,-0.53,0.08
9/5/2023,2.08,-0.67,-0.26,0.61,1.51,-0.51,1.32,1,-0.56,2.39,-0.49,1,0.93,-0.52,0.06
9/6/2023,2.12,-0.67,-0.26,0.76,1.51,-0.51,1.33,1,-0.56,2.35,-0.48,1,0.93,-0.52,0.04
9/7/2023,2.12,-0.67,-0.25,0.78,1.5,-0.5,1.34,1,-0.56,2.25,-0.48,1,0.93,-0.51,0.03
9/8/2023,2.13,-0.66,-0.25,0.83,1.51,-0.5,1.34,1,-0.56,2.03,-0.49,1,0.93,-0.51,0.04
9/11/2023,2.07,-0.66,-0.24,0.61,1.5,-0.49,1.34,1,-0.56,1.99,-0.48,1,0.93,-0.5,0.05
9/12/2023,2.09,-0.67,-0.24,0.68,1.5,-0.5,1.34,1,-0.56,1.84,-0.48,1,0.93,-0.51,0.04
9/13/2023,2.09,-0.66,-0.24,0.66,1.5,-0.5,1.34,1,-0.56,2.08,-0.49,1,0.93,-0.5,0.02
9/14/2023,2.04,-0.66,-0.24,0.45,1.5,-0.5,1.32,1,-0.55,2.1,-0.48,1,0.93,-0.51,0.04
9/15/2023,2.09,-0.66,-0.23,0.65,1.51,-0.5,1.32,1,-0.55,2.08,-0.49,1,0.93,-0.5,0.03
9/18/2023,2.1,-0.66,-0.23,0.7,1.5,-0.5,1.33,1,-0.55,2.13,-0.49,1,0.93,-0.5,0.03
9/19/2023,2.1,-0.66,-0.23,0.71,1.51,-0.5,1.33,1,-0.55,2.11,-0.49,1,0.93,-0.5,0.02
9/20/2023,2.15,-0.66,-0.23,0.89,1.54,-0.5,1.34,1,-0.56,2.45,-0.5,1,0.93,-0.51,0.01
9/21/2023,2.15,-0.66,-0.23,0.92,1.54,-0.51,1.34,1,-0.56,2.32,-0.5,1,0.93,-0.51,0.03
9/22/2023,2.16,-0.66,-0.23,0.95,1.54,-0.5,1.3,1,-0.56,2.38,-0.51,1,0.93,-0.51,0.03
9/25/2023,2.16,-0.66,-0.23,1,1.55,-0.5,1.29,1,-0.56,2.43,-0.51,1,0.93,-0.51,0.03
9/26/2023,2.11,-0.66,-0.23,0.83,1.55,-0.5,1.29,1,-0.56,2.29,-0.5,1,0.93,-0.51,0.06
9/27/2023,2.1,-0.65,-0.23,0.8,1.56,-0.5,1.28,1,-0.56,2.32,-0.5,1,0.93,-0.51,0.07
9/28/2023,2.1,-0.65,-0.23,0.79,1.56,-0.5,1.28,1,-0.56,2.45,-0.49,1,0.93,-0.51,0.06
9/29/2023,2.09,-0.66,-0.24,0.75,1.59,-0.5,1.28,1,-0.56,2.44,-0.5,1,0.93,-0.51,0.05
10/2/2023,2.07,-0.65,-0.25,0.68,1.57,-0.5,1.28,1,-0.55,2.42,-0.51,1,0.93,-0.51,0.06
10/3/2023,2.04,-0.65,-0.25,0.55,1.57,-0.49,1.29,1,-0.55,2.32,-0.5,1,0.93,-0.5,0.06
10/4/2023,2.04,-0.64,-0.25,0.5,1.57,-0.49,1.29,1,-0.55,2.33,-0.5,1,0.92,-0.5,0.07
10/5/2023,2.04,-0.64,-0.25,0.51,1.57,-0.49,1.29,1,-0.55,2.18,-0.5,1,0.92,-0.5,0.07
10/6/2023,2.05,-0.64,-0.25,0.59,1.56,-0.49,1.29,1,-0.55,2.07,-0.5,1,0.92,-0.5,0.06
10/9/2023,2.04,-0.64,-0.25,0.53,1.57,-0.49,1.3,1,-0.55,1.99,-0.51,1,0.92,-0.5,0.08
10/10/2023,1.98,-0.64,-0.25,0.32,1.56,-0.49,1.3,1,-0.55,1.91,-0.51,1,0.92,-0.5,0.06
10/11/2023,2.01,-0.64,-0.25,0.43,1.57,-0.49,1.29,1,-0.55,1.91,-0.52,1,0.92,-0.5,0.07
10/12/2023,1.95,-0.64,-0.26,0.17,1.58,-0.48,1.28,1,-0.55,1.95,-0.52,1,0.92,-0.49,0.07
10/13/2023,1.98,-0.64,-0.26,0.26,1.58,-0.48,1.28,1,-0.55,1.94,-0.53,1,0.92,-0.49,0.08
10/16/2023,1.94,-0.64,-0.26,0.07,1.59,-0.49,1.28,1,-0.55,1.82,-0.52,1,0.92,-0.49,0.08
10/17/2023,1.9,-0.64,-0.25,-0.08,1.6,-0.49,1.29,1,-0.55,1.77,-0.52,1,0.92,-0.49,0.15
10/18/2023,1.92,-0.65,-0.25,-0.04,1.61,-0.48,1.29,1,-0.55,1.75,-0.52,1,0.92,-0.49,0.15
10/19/2023,1.89,-0.64,-0.24,-0.19,1.62,-0.48,1.29,1,-0.55,1.64,-0.52,1,0.92,-0.49,0.14
10/20/2023,1.88,-0.65,-0.24,-0.23,1.62,-0.48,1.29,1,-0.55,1.59,-0.52,1,0.92,-0.49,0.14
10/23/2023,1.85,-0.64,-0.24,-0.3,1.62,-0.48,1.3,1,-0.55,1.64,-0.52,1,0.92,-0.49,0.19
10/24/2023,1.84,-0.64,-0.23,-0.36,1.61,-0.48,1.31,1,-0.55,1.64,-0.53,1,0.91,-0.48,0.15
10/25/2023,1.89,-0.64,-0.24,-0.27,1.63,-0.48,1.31,1,-0.55,1.66,-0.55,1,0.92,-0.48,0.13
10/26/2023,1.95,-0.64,-0.24,-0.08,1.64,-0.49,1.32,1,-0.55,1.7,-0.55,1,0.92,-0.49,0.11
10/27/2023,1.93,-0.64,-0.24,-0.13,1.65,-0.48,1.32,1,-0.55,1.73,-0.55,1,0.92,-0.49,0.09
10/30/2023,1.94,-0.64,-0.24,-0.02,1.66,-0.48,1.34,1,-0.55,1.82,-0.55,1,0.92,-0.49,0.05
10/31/2023,1.87,-0.64,-0.23,-0.24,1.66,-0.48,1.34,1,-0.55,1.92,-0.55,1,0.92,-0.49,0.06
11/1/2023,1.97,-0.64,-0.24,0.1,1.64,-0.48,1.34,1,-0.55,1.83,-0.55,1,0.91,-0.49,0.04
11/2/2023,1.77,-0.64,-0.24,-0.52,1.67,-0.48,1.35,1,-0.55,1.82,-0.55,1,0.92,-0.5,0.01
11/3/2023,1.77,-0.65,-0.24,-0.56,1.67,-0.49,1.36,1,-0.55,1.88,-0.55,1,0.92,-0.51,-0.05
11/6/2023,1.78,-0.64,-0.25,-0.56,1.69,-0.48,1.36,1,-0.55,1.91,-0.55,1,0.92,-0.5,-0.06
11/7/2023,1.76,-0.64,-0.25,-0.6,1.69,-0.48,1.35,1,-0.55,1.78,-0.54,1,0.91,-0.5,-0.08
11/8/2023,1.76,-0.64,-0.25,-0.59,1.7,-0.47,1.35,1,-0.55,1.87,-0.55,1,0.91,-0.5,-0.09
11/9/2023,1.69,-0.64,-0.26,-0.75,1.71,-0.47,1.34,1,-0.55,1.89,-0.54,1,0.91,-0.49,-0.09
11/10/2023,1.72,-0.63,-0.26,-0.6,1.73,-0.47,1.33,1,-0.54,1.88,-0.54,1,0.91,-0.49,-0.08
11/13/2023,1.68,-0.63,-0.26,-0.7,1.73,-0.47,1.32,1,-0.54,1.76,-0.55,1,0.91,-0.49,-0.08
11/14/2023,1.44,-0.63,-0.26,-1.05,1.72,-0.48,1.31,1,-0.55,1.8,-0.53,1,0.92,-0.51,-0.08
11/15/2023,1.42,-0.64,-0.26,-1.07,1.71,-0.48,1.32,1,-0.55,1.6,-0.52,1,0.92,-0.51,-0.08
11/16/2023,1.42,-0.64,-0.26,-1.06,1.72,-0.47,1.3,1,-0.55,1.48,-0.53,1,0.91,-0.5,-0.09
11/17/2023,1.4,-0.64,-0.27,-1.08,1.71,-0.48,1.3,1,-0.55,1.48,-0.52,1,0.92,-0.51,-0.1
11/20/2023,1.41,-0.64,-0.27,-1.07,1.7,-0.48,1.29,1,-0.55,1.46,-0.5,1,0.91,-0.51,-0.11
11/21/2023,1.41,-0.64,-0.23,-1.07,1.51,-0.5,1.28,1,-0.55,1.59,-0.21,1,0.91,-0.49,-0.12
11/22/2023,1.38,-0.64,-0.18,-1.09,1.69,-0.5,1.25,1,-0.55,1.62,-0.22,1,0.91,-0.49,-0.08
11/24/2023,1.37,-0.64,-0.18,-1.1,1.69,-0.5,1.23,1,-0.55,1.47,-0.23,1,0.92,-0.49,-0.26
11/27/2023,1.35,-0.64,-0.17,-1.11,1.69,-0.5,1.21,1,-0.55,1.37,-0.22,1,0.91,-0.49,-0.26
11/28/2023,1.34,-0.64,-0.17,-1.11,1.7,-0.5,1.2,1,-0.54,1.35,-0.23,1,0.91,-0.49,-0.26
11/29/2023,1.33,-0.64,-0.16,-1.12,1.7,-0.5,1.18,1,-0.55,1.37,-0.23,1,0.91,-0.49,-0.29
11/30/2023,1.31,-0.64,-0.16,-1.13,1.71,-0.5,1.17,1,-0.55,1.32,-0.23,1,0.92,-0.49,-0.25
12/1/2023,1.22,-0.64,-0.17,-1.18,1.67,-0.51,1.17,1,-0.55,1.38,-0.22,1,0.93,-0.5,-0.25
12/4/2023,1.24,-0.65,-0.16,-1.18,1.67,-0.52,1.17,1,-0.55,1.45,-0.22,1,0.93,-0.51,-0.25
12/5/2023,1.23,-0.65,-0.16,-1.18,1.67,-0.51,1.16,1,-0.55,1.6,-0.22,1,0.93,-0.5,-0.23
12/6/2023,1.26,-0.65,-0.16,-1.17,1.67,-0.52,1.16,1,-0.55,1.62,-0.22,1,0.93,-0.5,-0.24
12/7/2023,1.27,-0.65,-0.16,-1.14,1.66,-0.52,1.15,1,-0.55,1.61,-0.21,1,0.93,-0.51,-0.26
12/8/2023,1.28,-0.66,-0.16,-1.14,1.67,-0.52,1.14,1,-0.55,1.62,-0.21,1,0.93,-0.51,-0.26
12/11/2023,1.25,-0.66,-0.16,-1.14,1.68,-0.52,1.15,1,-0.55,1.59,-0.22,1,0.93,-0.5,-0.23
12/12/2023,1.28,-0.65,-0.16,-1.13,1.67,-0.52,1.15,1,-0.55,1.62,-0.21,1,0.93,-0.5,-0.24
12/13/2023,1.15,-0.66,-0.16,-1.19,1.67,-0.53,1.15,1,-0.55,1.64,-0.21,1,0.93,-0.51,-0.26
12/14/2023,1.08,-0.66,-0.16,-1.17,1.65,-0.53,1.15,1,-0.56,1.71,-0.19,1,0.94,-0.52,-0.28
12/15/2023,1.08,-0.66,-0.16,-1.18,1.66,-0.53,1.13,1,-0.56,1.69,-0.19,1,0.94,-0.52,-0.28
12/18/2023,1.1,-0.66,-0.16,-1.19,1.71,-0.53,1.14,1,-0.55,1.71,-0.19,1,0.94,-0.52,-0.29
12/19/2023,1.04,-0.67,-0.17,-1.18,1.71,-0.53,1.14,1,-0.56,1.69,-0.18,1,0.94,-0.53,-0.27
12/20/2023,1.08,-0.67,-0.17,-1.2,1.72,-0.53,1.15,1,-0.56,1.81,-0.2,1,0.94,-0.53,-0.29
12/21/2023,1.07,-0.67,-0.17,-1.2,1.71,-0.53,1.15,1,-0.56,1.7,-0.18,1,0.94,-0.53,-0.31
12/22/2023,1.06,-0.67,-0.17,-1.21,1.73,-0.53,1.16,1,-0.56,1.56,-0.19,1,0.94,-0.53,-0.32
12/26/2023,1.04,-0.67,-0.17,-1.2,1.72,-0.53,1.16,1,-0.56,1.48,-0.19,1,0.95,-0.54,-0.32
12/27/2023,1.05,-0.67,-0.17,-1.2,1.72,-0.54,1.16,1,-0.56,1.49,-0.19,1,0.95,-0.54,-0.32
12/28/2023,1.04,-0.67,-0.17,-1.2,1.72,-0.54,1.16,1,-0.56,1.49,-0.19,1,0.95,-0.54,-0.33
12/29/2023,1.03,-0.67,-0.17,-1.19,1.71,-0.53,1.16,1,-0.56,1.52,-0.18,1,0.94,-0.53,-0.33
1/2/2024,1.06,-0.68,-0.18,-1.19,1.65,-0.54,1.16,1,-0.56,1.34,-0.18,1,0.95,-0.54,-0.34
1/3/2024,1.04,-0.68,-0.18,-1.17,1.65,-0.53,1.15,1,-0.56,1.35,-0.18,1,0.94,-0.53,-0.33
1/4/2024,1.03,-0.68,-0.17,-1.16,1.66,-0.53,1.16,1,-0.56,1.27,-0.19,1,0.94,-0.53,-0.32
1/5/2024,1.04,-0.67,-0.17,-1.16,1.65,-0.53,1.16,1,-0.56,1.34,-0.18,1,0.94,-0.53,-0.31
1/8/2024,1.18,-0.67,-0.17,-1.18,1.63,-0.53,1.17,1,-0.56,1.28,-0.18,1,0.94,-0.53,-0.34
1/9/2024,1.16,-0.66,-0.18,-1.18,1.63,-0.53,1.17,1,-0.56,1.37,-0.17,1,0.94,-0.53,-0.32
1/10/2024,1.18,-0.66,-0.19,-1.17,1.64,-0.53,1.17,1,-0.56,1.4,-0.18,1,0.93,-0.53,-0.32
1/11/2024,1.18,-0.66,-0.2,-1.16,1.63,-0.52,1.18,1,-0.56,1.28,-0.17,1,0.93,-0.52,-0.33
1/12/2024,1.19,-0.66,-0.2,-1.16,1.64,-0.52,1.18,1,-0.56,1.35,-0.18,1,0.93,-0.52,-0.34
1/16/2024,1.14,-0.65,-0.21,-1.16,1.65,-0.52,1.17,1,-0.55,1.39,-0.18,1,0.93,-0.52,-0.26
1/17/2024,1.13,-0.65,-0.21,-1.15,1.66,-0.51,1.18,1,-0.55,1.45,-0.18,1,0.93,-0.51,-0.26
1/18/2024,1.16,-0.65,-0.21,-1.13,1.66,-0.51,1.16,1,-0.55,1.47,-0.18,1,0.92,-0.51,-0.27
1/19/2024,1.23,-0.64,-0.22,-1.12,1.65,-0.51,1.15,1,-0.55,1.51,-0.18,1,0.92,-0.51,-0.27
1/22/2024,1.21,-0.64,-0.22,-1.13,1.65,-0.52,1.15,1,-0.55,1.46,-0.19,1,0.92,-0.52,-0.28
1/23/2024,1.19,-0.64,-0.22,-1.13,1.64,-0.52,1.15,1,-0.55,1.36,-0.2,1,0.92,-0.52,-0.29
1/24/2024,1.19,-0.64,-0.23,-1.14,1.66,-0.52,1.15,1,-0.55,1.4,-0.2,1,0.92,-0.52,-0.27
1/25/2024,1.18,-0.65,-0.23,-1.13,1.66,-0.52,1.15,1,-0.55,1.37,-0.19,1,0.92,-0.52,-0.29
1/26/2024,1.18,-0.65,-0.23,-1.13,1.66,-0.52,1.16,1,-0.55,1.39,-0.19,1,0.92,-0.52,-0.29
1/29/2024,1.17,-0.65,-0.23,-1.14,1.65,-0.52,1.16,1,-0.55,1.37,-0.19,1,0.92,-0.52,-0.32
1/30/2024,1.18,-0.65,-0.24,-1.15,1.67,-0.52,1.17,1,-0.55,1.39,-0.17,1,0.92,-0.52,-0.32
1/31/2024,1.15,-0.65,-0.24,-1.11,1.66,-0.52,1.16,1,-0.56,1.4,-0.16,1,0.92,-0.52,-0.3
2/1/2024,1.19,-0.64,-0.24,-1.11,1.67,-0.51,1.17,1,-0.56,1.32,-0.16,1,0.92,-0.51,-0.34
2/2/2024,1.27,-0.63,-0.24,-1.11,1.66,-0.5,1.17,1,-0.56,1.28,-0.16,1,0.92,-0.5,-0.39
2/5/2024,1.2,-0.62,-0.24,-1.14,1.65,-0.5,1.18,1,-0.56,1.31,-0.17,1,0.91,-0.5,-0.25
2/6/2024,1.16,-0.63,-0.24,-1.16,1.64,-0.5,1.2,1,-0.56,1.39,-0.16,1,0.91,-0.5,-0.25
2/7/2024,1.22,-0.62,-0.24,-1.16,1.65,-0.5,1.25,1,-0.55,1.62,-0.16,1,0.91,-0.5,-0.27
2/8/2024,1.13,-0.55,-0.22,-1.11,1.59,-0.47,1.26,1,-0.54,1.6,-0.18,1,0.91,-0.46,-0.27
2/9/2024,1.16,-0.55,-0.22,-1.12,1.59,-0.47,1.25,1,-0.54,1.65,-0.17,1,0.91,-0.46,-0.3
2/12/2024,1.16,-0.56,-0.23,-1.13,1.63,-0.47,1.26,1,-0.54,1.67,-0.18,1,0.91,-0.46,-0.34
2/13/2024,1.03,-0.57,-0.23,-1.11,1.63,-0.47,1.27,1,-0.54,1.64,-0.18,1,0.91,-0.46,-0.29
2/14/2024,1.02,-0.58,-0.23,-1.13,1.63,-0.47,1.27,1,-0.54,1.74,-0.17,1,0.91,-0.46,-0.32
2/15/2024,0.95,-0.59,-0.24,-1.12,1.65,-0.49,1.27,1,-0.54,1.71,-0.17,1,0.92,-0.48,-0.28
2/16/2024,0.95,-0.6,-0.24,-1.11,1.64,-0.49,1.27,1,-0.54,1.75,-0.18,1,0.92,-0.48,-0.28
2/20/2024,1.01,-0.6,-0.24,-1.14,1.73,-0.49,1.29,1,-0.54,1.86,-0.2,1,0.92,-0.48,-0.27
2/21/2024,1.02,-0.62,-0.21,-1.15,1.63,-0.53,1.3,1,-0.54,1.89,0.03,1,0.92,-0.47,-0.29
2/22/2024,1.84,-0.61,-0.18,-0.46,1.74,-0.52,1.3,1,-0.54,1.91,0.02,1,0.91,-0.47,-0.17
2/23/2024,1.85,-0.62,-0.18,-0.46,1.75,-0.53,1.3,1,-0.54,2.01,0.03,1,0.91,-0.47,-0.2
2/26/2024,1.82,-0.61,-0.18,-0.5,1.69,-0.53,1.29,1,-0.54,1.97,0.02,1,0.91,-0.47,-0.23
2/27/2024,1.79,-0.61,-0.18,-0.58,1.69,-0.53,1.3,1,-0.55,1.91,0.02,1,0.91,-0.47,-0.26
2/28/2024,1.79,-0.62,-0.19,-0.59,1.69,-0.53,1.29,1,-0.55,1.99,0.03,1,0.91,-0.48,-0.29
2/29/2024,1.8,-0.61,-0.19,-0.55,1.7,-0.53,1.29,1,-0.55,1.96,0.03,1,0.91,-0.48,-0.3
3/1/2024,1.84,-0.61,-0.2,-0.42,1.71,-0.53,1.29,1,-0.55,1.91,0.02,1,0.91,-0.48,-0.36
3/4/2024,1.84,-0.63,-0.2,-0.46,1.72,-0.53,1.3,1,-0.54,1.95,0.02,1,0.91,-0.48,-0.34
3/5/2024,1.76,-0.64,-0.21,-0.61,1.73,-0.53,1.31,1,-0.55,2.05,0.03,1,0.92,-0.49,-0.29
3/6/2024,1.79,-0.65,-0.22,-0.6,1.71,-0.53,1.32,1,-0.55,2.19,0.03,1,0.92,-0.49,-0.32
3/7/2024,1.87,-0.64,-0.23,-0.37,1.71,-0.53,1.33,1,-0.55,2.14,0.04,1,0.92,-0.5,-0.35
3/8/2024,1.96,-0.65,-0.23,-0.15,1.71,-0.53,1.36,1,-0.55,2.18,0.05,1,0.92,-0.5,-0.35
3/11/2024,1.97,-0.65,-0.23,-0.1,1.7,-0.53,1.37,1,-0.55,2.14,0.05,1,0.92,-0.49,-0.35
3/12/2024,2.17,-0.64,-0.23,0.67,1.7,-0.53,1.39,1,-0.55,2.24,0.05,1,0.91,-0.49,-0.38
3/13/2024,2.17,-0.65,-0.23,0.67,1.69,-0.53,1.4,1,-0.55,2.29,0.05,1,0.92,-0.49,-0.39
3/14/2024,2.18,-0.64,-0.23,0.66,1.7,-0.53,1.4,1,-0.55,2.26,0.07,1,0.91,-0.48,-0.4
3/15/2024,2.19,-0.64,-0.23,0.73,1.72,-0.53,1.4,1,-0.55,2.32,0.07,1,0.91,-0.49,-0.4
3/18/2024,2.17,-0.64,-0.23,0.66,1.71,-0.53,1.43,1,-0.55,2.25,0.07,1,0.91,-0.48,-0.4
3/19/2024,2.19,-0.64,-0.23,0.76,1.75,-0.53,1.47,1,-0.55,2.22,0.07,1,0.91,-0.48,-0.43
3/20/2024,2.11,-0.63,-0.23,0.43,1.75,-0.53,1.49,1,-0.55,2.06,0.08,1,0.91,-0.49,-0.41
3/21/2024,2.11,-0.66,-0.23,0.44,1.74,-0.55,1.49,1,-0.55,1.91,0.07,1,0.92,-0.5,-0.43
3/22/2024,2.09,-0.66,-0.23,0.42,1.72,-0.55,1.49,1,-0.55,2.39,0.07,1,0.91,-0.49,-0.39
3/25/2024,2.09,-0.67,-0.24,0.38,1.73,-0.54,1.5,1,-0.55,2.37,0.07,1,0.92,-0.5,-0.4
3/26/2024,2.11,-0.63,-0.24,0.47,1.73,-0.53,1.51,1,-0.55,2.36,0.07,1,0.91,-0.49,-0.39
3/27/2024,1.96,-0.65,-0.24,-0.08,1.76,-0.54,1.52,1,-0.56,2.34,0.06,1,0.92,-0.5,-0.31
3/28/2024,1.95,-0.64,-0.24,-0.11,1.76,-0.54,1.53,1,-0.56,2.28,0.07,1,0.92,-0.5,-0.33
4/1/2024,1.95,-0.65,-0.23,-0.11,1.78,-0.54,1.53,1,-0.56,2.3,0.07,1,0.92,-0.5,-0.33
4/2/2024,1.91,-0.64,-0.23,-0.22,1.8,-0.53,1.53,1,-0.56,2.37,0.07,1,0.92,-0.5,-0.33
4/3/2024,1.9,-0.64,-0.23,-0.23,1.8,-0.53,1.53,1,-0.56,2.49,0.08,1,0.92,-0.49,-0.34
4/4/2024,1.97,-0.65,-0.23,-0.04,1.8,-0.54,1.54,1,-0.56,2.57,0.08,1,0.92,-0.5,-0.37
4/5/2024,2.01,-0.64,-0.22,0.15,1.82,-0.53,1.56,1,-0.56,2.62,0.08,1,0.92,-0.49,-0.38
4/8/2024,2,-0.64,-0.22,0.13,1.83,-0.54,1.56,1,-0.56,2.62,0.07,1,0.92,-0.5,-0.38
4/9/2024,1.99,-0.64,-0.22,0.09,1.83,-0.54,1.57,1,-0.56,2.63,0.07,1,0.92,-0.5,-0.36
4/10/2024,1.81,-0.63,-0.21,-0.39,1.81,-0.53,1.56,1,-0.56,2.59,0.07,1,0.91,-0.49,-0.25
4/11/2024,1.85,-0.63,-0.21,-0.23,1.79,-0.53,1.56,1,-0.56,2.57,0.07,1,0.91,-0.48,-0.26
4/12/2024,1.86,-0.63,-0.22,-0.26,1.81,-0.53,1.55,1,-0.56,2.59,0.07,1,0.91,-0.48,-0.27
4/15/2024,1.86,-0.63,-0.22,-0.3,1.81,-0.53,1.56,1,-0.56,2.51,0.08,1,0.91,-0.49,-0.29
4/16/2024,1.84,-0.63,-0.22,-0.33,1.81,-0.53,1.56,1,-0.55,2.53,0.08,1,0.91,-0.48,-0.27
4/17/2024,1.9,-0.64,-0.23,-0.21,1.81,-0.53,1.58,1,-0.55,2.5,0.08,1,0.91,-0.48,-0.28
4/18/2024,1.89,-0.64,-0.22,-0.23,1.77,-0.54,1.58,1,-0.56,2.5,0.09,1,0.91,-0.48,-0.29
4/19/2024,2.09,-0.64,-0.22,0.34,1.8,-0.54,1.6,1,-0.56,2.54,0.08,1,0.92,-0.49,-0.17
4/22/2024,2.16,-0.65,-0.21,0.62,1.79,-0.54,1.61,1,-0.56,2.52,0.08,1,0.92,-0.49,-0.19
4/23/2024,2.18,-0.64,-0.2,0.71,1.79,-0.54,1.63,1,-0.56,2.58,0.09,1,0.92,-0.49,-0.2
4/24/2024,2.18,-0.65,-0.2,0.72,1.79,-0.54,1.64,1,-0.56,2.6,0.08,1,0.92,-0.49,-0.19
4/25/2024,2.12,-0.66,-0.2,0.51,1.8,-0.54,1.62,1,-0.56,2.51,0.09,1,0.91,-0.48,-0.15
4/26/2024,2.22,-0.64,-0.21,0.98,1.79,-0.53,1.63,1,-0.56,2.41,0.09,1,0.91,-0.48,-0.2
4/29/2024,2.21,-0.65,-0.21,0.91,1.81,-0.54,1.64,1,-0.56,2.44,0.1,1,0.91,-0.49,-0.25
4/30/2024,2.16,-0.66,-0.22,0.69,1.82,-0.54,1.64,1,-0.56,2.41,0.09,1,0.91,-0.49,-0.21
5/1/2024,2.17,-0.66,-0.22,0.73,1.75,-0.54,1.66,1,-0.56,2.36,0.09,1,0.91,-0.49,-0.21
5/2/2024,2.2,-0.67,-0.22,0.77,1.76,-0.54,1.66,1,-0.56,2.3,0.09,1,0.91,-0.49,-0.26
5/3/2024,2.22,-0.67,-0.23,0.92,1.76,-0.54,1.66,1,-0.56,2.22,0.08,1,0.91,-0.49,-0.3
5/6/2024,2.28,-0.66,-0.23,1.2,1.76,-0.54,1.66,1,-0.56,2.21,0.09,1,0.91,-0.49,-0.31
5/7/2024,2.28,-0.67,-0.23,1.21,1.79,-0.54,1.65,1,-0.56,2.18,0.09,1,0.91,-0.49,-0.31
5/8/2024,2.27,-0.67,-0.24,1.19,1.8,-0.54,1.66,1,-0.55,2.17,0.09,1,0.91,-0.5,-0.34
5/9/2024,2.21,-0.67,-0.24,0.89,1.81,-0.54,1.66,1,-0.56,2.24,0.11,1,0.91,-0.5,-0.32
5/10/2024,2.22,-0.66,-0.24,0.96,1.83,-0.54,1.66,1,-0.55,2.36,0.11,1,0.91,-0.5,-0.34
5/13/2024,2.22,-0.67,-0.23,0.91,1.81,-0.54,1.66,1,-0.55,2.3,0.11,1,0.91,-0.5,-0.35
5/14/2024,2.19,-0.66,-0.23,0.78,1.82,-0.55,1.64,1,-0.55,2.26,0.11,1,0.91,-0.51,-0.37
5/15/2024,2.23,-0.66,-0.24,1.02,1.82,-0.55,1.64,1,-0.55,2.29,0.11,1,0.91,-0.5,-0.39
5/16/2024,2.24,-0.66,-0.24,1.05,1.84,-0.54,1.64,1,-0.55,2.18,0.1,1,0.91,-0.5,-0.38
5/17/2024,2.23,-0.66,-0.24,1.02,1.84,-0.54,1.64,1,-0.55,2.24,0.11,1,0.91,-0.5,-0.37
5/20/2024,2.23,-0.66,-0.24,0.98,1.83,-0.54,1.63,1,-0.55,1.87,0.11,1,0.91,-0.49,-0.38
5/21/2024,2.24,-0.66,-0.24,1.06,1.84,-0.54,1.63,1,-0.55,1.99,0.09,1,0.9,-0.49,-0.39
5/22/2024,2.24,-0.66,-0.24,1.06,1.65,-0.55,1.61,1,-0.55,2.07,0.12,1,0.9,-0.49,-0.4
5/23/2024,1.92,-0.66,-0.23,-0.1,1.8,-0.55,1.6,1,-0.55,1.93,0.11,1,0.9,-0.48,0.02
5/24/2024,1.94,-0.64,-0.24,-0.05,1.81,-0.54,1.6,1,-0.55,2.06,0.1,1,0.9,-0.49,0
5/28/2024,1.89,-0.64,-0.25,-0.17,1.81,-0.54,1.6,1,-0.54,2.23,0.1,1,0.89,-0.48,0.11
5/29/2024,1.83,-0.64,-0.26,-0.33,1.82,-0.54,1.6,1,-0.54,2.24,0.1,1,0.89,-0.48,0.14
5/30/2024,1.89,-0.64,-0.27,-0.2,1.82,-0.55,1.62,1,-0.55,2.23,0.1,1,0.9,-0.49,0.09
5/31/2024,1.87,-0.66,-0.27,-0.29,1.82,-0.55,1.62,1,-0.55,2.07,0.1,1,0.9,-0.49,0.1
6/3/2024,1.86,-0.65,-0.28,-0.29,1.81,-0.55,1.62,1,-0.54,2.16,0.09,1,0.89,-0.49,0.13
6/4/2024,1.87,-0.64,-0.27,-0.26,1.81,-0.55,1.63,1,-0.54,2.22,0.09,1,0.89,-0.49,0.11
6/5/2024,1.94,-0.65,-0.28,-0.04,1.8,-0.55,1.62,1,-0.54,2.3,0.09,1,0.89,-0.49,0.07
6/6/2024,1.95,-0.65,-0.28,0.02,1.82,-0.55,1.63,1,-0.54,2.21,0.09,1,0.89,-0.48,0.06
6/7/2024,1.94,-0.64,-0.29,-0.03,1.83,-0.55,1.59,1,-0.54,2.18,0.09,1,0.88,-0.48,0.05
6/10/2024,1.93,-0.64,-0.29,-0.04,1.83,-0.55,1.59,1,-0.54,2.09,0.09,1,0.88,-0.48,0.03
6/11/2024,1.92,-0.63,-0.29,-0.06,1.83,-0.54,1.57,1,-0.54,2.12,0.08,1,0.88,-0.47,0.02
6/12/2024,1.95,-0.63,-0.29,0.07,1.83,-0.54,1.56,1,-0.53,2.18,0.08,1,0.88,-0.48,0.01
6/13/2024,1.94,-0.63,-0.29,0.08,1.81,-0.54,1.54,1,-0.53,2.22,0.08,1,0.87,-0.47,0.01
6/14/2024,1.92,-0.62,-0.28,0.03,1.81,-0.54,1.55,1,-0.53,2.25,0.08,1,0.87,-0.46,0.02
6/17/2024,1.89,-0.61,-0.28,-0.01,1.82,-0.53,1.54,1,-0.53,2.27,0.07,1,0.87,-0.46,0.06
6/18/2024,1.94,-0.62,-0.29,0.12,1.84,-0.54,1.52,1,-0.52,2.17,0.06,1,0.87,-0.46,0.05
6/20/2024,1.97,-0.61,-0.29,0.2,1.84,-0.53,1.52,1,-0.53,2.2,0.06,1,0.87,-0.46,0.05
6/21/2024,1.98,-0.61,-0.29,0.21,1.84,-0.53,1.52,1,-0.53,2.2,0.07,1,0.87,-0.46,0.06
6/24/2024,2.02,-0.62,-0.28,0.32,1.86,-0.54,1.52,1,-0.53,2.22,0.07,1,0.88,-0.46,0.14
6/25/2024,2.09,-0.61,-0.28,0.62,1.85,-0.53,1.5,1,-0.52,2.49,0.07,1,0.87,-0.45,0.18
6/26/2024,2.09,-0.61,-0.28,0.67,1.87,-0.53,1.52,1,-0.52,2.52,0.06,1,0.87,-0.46,0.17
6/27/2024,2.06,-0.61,-0.27,0.54,1.86,-0.53,1.51,1,-0.53,2.53,0.05,1,0.87,-0.46,0.17
6/28/2024,2.06,-0.61,-0.27,0.58,1.87,-0.54,1.52,1,-0.53,2.51,0.05,1,0.87,-0.47,0.15
7/1/2024,2.06,-0.6,-0.27,0.61,1.85,-0.53,1.51,1,-0.53,2.55,0.06,1,0.87,-0.46,0.13
7/2/2024,2.01,-0.61,-0.27,0.43,1.86,-0.53,1.5,1,-0.52,2.56,0.04,1,0.86,-0.46,0.18
7/3/2024,2.07,-0.6,-0.27,0.67,1.86,-0.53,1.49,1,-0.52,2.54,0.05,1,0.86,-0.46,0.16
7/5/2024,2.01,-0.6,-0.27,0.5,1.86,-0.52,1.49,1,-0.52,2.51,0.05,1,0.86,-0.45,0.2
7/8/2024,2.02,-0.6,-0.27,0.55,1.87,-0.52,1.49,1,-0.52,2.53,0.05,1,0.86,-0.45,0.18
7/9/2024,2.01,-0.6,-0.27,0.52,1.85,-0.52,1.48,1,-0.52,2.5,0.06,1,0.85,-0.45,0.17
7/10/2024,2.07,-0.6,-0.27,0.74,1.84,-0.52,1.48,1,-0.52,2.46,0.06,1,0.85,-0.45,0.13
7/11/2024,2.2,-0.61,-0.28,1.28,1.86,-0.53,1.48,1,-0.53,2.47,0.06,1,0.87,-0.47,0.08
7/12/2024,2.19,-0.61,-0.28,1.19,1.84,-0.54,1.48,1,-0.53,2.45,0.07,1,0.87,-0.47,0.06
7/15/2024,2.15,-0.62,-0.28,0.95,1.84,-0.54,1.48,1,-0.53,2.48,0.06,1,0.87,-0.48,0.05
7/16/2024,1.96,-0.63,-0.28,0.13,1.85,-0.55,1.48,1,-0.54,2.46,0.07,1,0.88,-0.49,0.09
7/17/2024,2.12,-0.64,-0.29,0.66,1.88,-0.55,1.49,1,-0.54,2.44,0.06,1,0.89,-0.5,0.07
7/18/2024,1.92,-0.65,-0.29,0.01,1.89,-0.55,1.48,1,-0.54,2.43,0.06,1,0.89,-0.5,0.16
7/19/2024,1.98,-0.65,-0.28,0.12,1.9,-0.55,1.48,1,-0.54,2.43,0.05,1,0.89,-0.49,0.14
7/22/2024,2.05,-0.65,-0.28,0.36,1.88,-0.55,1.46,1,-0.54,2.41,0.06,1,0.89,-0.5,0.1
7/23/2024,2.04,-0.65,-0.27,0.35,1.88,-0.55,1.46,1,-0.54,2.41,0.06,1,0.89,-0.5,0.08
7/24/2024,2.21,-0.67,-0.28,0.89,1.89,-0.56,1.47,1,-0.54,2.43,0.05,1,0.89,-0.51,0.11
7/25/2024,2.22,-0.67,-0.28,0.94,1.9,-0.56,1.47,1,-0.54,2.43,0.06,1,0.9,-0.52,0.07
7/26/2024,2.15,-0.68,-0.28,0.64,1.9,-0.56,1.47,1,-0.54,2.42,0.06,1,0.9,-0.52,0.1
7/29/2024,2.17,-0.69,-0.28,0.72,1.91,-0.56,1.46,1,-0.54,2.43,0.06,1,0.9,-0.51,0.06
7/30/2024,2.24,-0.69,-0.27,0.97,1.93,-0.57,1.48,1,-0.54,2.48,0.05,1,0.9,-0.52,0.13
7/31/2024,2.72,-0.69,-0.27,3.01,1.95,-0.56,1.47,1,-0.54,2.44,0.05,1,0.9,-0.52,0.12
8/1/2024,2.76,-0.7,-0.27,2.94,1.98,-0.56,1.49,1,-0.54,2.43,0.04,1,0.9,-0.51,0.12
8/2/2024,2.51,-0.7,-0.26,2.1,1.98,-0.55,1.5,1,-0.54,2.43,0.03,1,0.89,-0.5,0.21
8/5/2024,2.67,-0.7,-0.26,3.07,2,-0.55,1.5,1,-0.54,2.39,0.03,1,0.9,-0.5,0.1
8/6/2024,2.71,-0.69,-0.26,3.08,2.03,-0.55,1.5,1,-0.54,2.41,0.03,1,0.9,-0.49,0.07
8/7/2024,2.77,-0.69,-0.25,3.08,2.05,-0.55,1.51,1,-0.53,2.43,0.04,1,0.9,-0.5,0.03
8/8/2024,2.7,-0.69,-0.24,3.06,2.06,-0.55,1.51,1,-0.53,2.41,0.04,1,0.9,-0.5,0.01
8/9/2024,2.69,-0.68,-0.24,3.08,2.03,-0.55,1.51,1,-0.53,2.52,0.04,1,0.89,-0.49,-0.01
8/12/2024,2.69,-0.68,-0.24,3.06,2.03,-0.55,1.5,1,-0.53,2.54,0.05,1,0.89,-0.49,0.03
8/13/2024,2.77,-0.68,-0.24,3.04,2.01,-0.55,1.51,1,-0.53,2.57,0.04,1,0.89,-0.49,-0.04
8/14/2024,2.79,-0.68,-0.25,3.03,2.01,-0.55,1.51,1,-0.53,2.65,0.04,1,0.89,-0.49,-0.04
8/15/2024,2.74,-0.67,-0.26,3,2.01,-0.55,1.52,1,-0.53,2.64,0.04,1,0.89,-0.49,-0.06
8/16/2024,2.74,-0.67,-0.27,2.99,2,-0.55,1.52,1,-0.53,2.63,0.04,1,0.89,-0.49,-0.08
8/19/2024,2.78,-0.67,-0.28,2.99,2,-0.55,1.51,1,-0.53,2.58,0.04,1,0.88,-0.5,-0.12
8/20/2024,2.79,-0.67,-0.28,3,2,-0.55,1.51,1,-0.53,2.64,0.03,1,0.88,-0.49,-0.12
8/21/2024,2.76,-0.67,-0.28,3.02,1.99,-0.55,1.51,1,-0.53,2.64,0.04,1,0.89,-0.5,-0.14
8/22/2024,2.8,-0.67,-0.29,3,2,-0.55,1.51,1,-0.53,2.45,0.03,1,0.89,-0.49,-0.21
8/23/2024,2.78,-0.67,-0.29,2.99,1.99,-0.56,1.49,1,-0.54,2.42,0.03,1,0.89,-0.51,-0.25
8/26/2024,2.82,-0.68,-0.29,2.98,1.99,-0.56,1.49,1,-0.54,2.38,0.03,1,0.89,-0.51,-0.26
8/27/2024,2.83,-0.68,-0.29,2.98,1.98,-0.56,1.48,1,-0.54,2.34,0.03,1,0.89,-0.5,-0.27
8/28/2024,2.83,-0.68,-0.29,3,1.72,-0.59,1.47,1,-0.54,2.02,-0.01,1,0.89,-0.5,-0.28
8/29/2024,2.81,-0.69,-0.27,3.02,1.75,-0.59,1.48,1,-0.54,2.48,-0.01,1,0.9,-0.5,-0.18
8/30/2024,2.81,-0.68,-0.27,2.98,1.76,-0.59,1.49,1,-0.54,2.18,-0.01,1,0.89,-0.5,-0.16
9/3/2024,2.94,-0.69,-0.26,2.97,1.75,-0.59,1.49,1,-0.54,2.17,0,1,0.9,-0.49,-0.16
9/4/2024,2.95,-0.69,-0.24,2.97,1.75,-0.59,1.5,1,-0.54,1.97,0,1,0.9,-0.49,-0.17
9/5/2024,2.94,-0.69,-0.23,2.99,1.76,-0.59,1.48,1,-0.54,2.03,0,1,0.89,-0.49,-0.16
9/6/2024,2.95,-0.69,-0.22,2.95,1.76,-0.59,1.47,1,-0.54,1.81,0,1,0.9,-0.49,-0.18
9/9/2024,2.98,-0.69,-0.21,2.93,1.76,-0.58,1.46,1,-0.54,1.94,0,1,0.89,-0.48,-0.21
9/10/2024,2.97,-0.68,-0.21,2.93,1.76,-0.58,1.46,1,-0.54,1.86,0,1,0.89,-0.48,-0.25
9/11/2024,3.05,-0.67,-0.21,2.89,1.75,-0.58,1.47,1,-0.54,1.98,0,1,0.89,-0.48,-0.24
9/12/2024,3.05,-0.67,-0.22,2.89,1.74,-0.58,1.48,1,-0.54,2.19,0,1,0.89,-0.48,-0.26
9/13/2024,3,-0.67,-0.23,2.9,1.74,-0.58,1.48,1,-0.54,2.18,0.01,1,0.89,-0.48,-0.28
9/16/2024,3,-0.68,-0.25,2.91,1.73,-0.58,1.49,1,-0.54,2.32,0,1,0.89,-0.48,-0.28
9/17/2024,2.99,-0.68,-0.25,2.92,1.72,-0.59,1.5,1,-0.54,2.35,0.02,1,0.89,-0.49,-0.27
9/18/2024,2.99,-0.68,-0.25,2.92,1.75,-0.59,1.5,1,-0.54,2.51,0.02,1,0.89,-0.49,-0.28
9/19/2024,2.95,-0.68,-0.24,2.91,1.74,-0.59,1.48,1,-0.54,2.41,0.02,1,0.89,-0.49,-0.23
9/20/2024,2.95,-0.68,-0.24,2.91,1.73,-0.59,1.49,1,-0.53,2.44,0.02,1,0.89,-0.48,-0.25
9/23/2024,2.97,-0.68,-0.24,2.89,1.74,-0.58,1.48,1,-0.53,2.29,0.01,1,0.89,-0.48,-0.25
9/24/2024,2.98,-0.68,-0.24,2.88,1.73,-0.58,1.47,1,-0.53,2.44,0.01,1,0.89,-0.48,-0.25
9/25/2024,2.95,-0.67,-0.24,2.89,1.72,-0.58,1.48,1,-0.53,2.37,0.02,1,0.89,-0.48,-0.24
9/26/2024,2.92,-0.67,-0.25,2.89,1.73,-0.58,1.48,1,-0.53,2.39,0.01,1,0.89,-0.48,-0.27
9/27/2024,2.93,-0.67,-0.25,2.9,1.74,-0.58,1.47,1,-0.54,2.32,0.01,1,0.89,-0.48,-0.27
9/30/2024,2.93,-0.67,-0.25,2.9,1.75,-0.58,1.47,1,-0.54,2.05,0,1,0.89,-0.48,-0.28
10/1/2024,2.95,-0.67,-0.25,2.92,1.72,-0.58,1.48,1,-0.54,2.06,0.02,1,0.89,-0.47,-0.29
10/2/2024,2.95,-0.67,-0.25,2.91,1.73,-0.58,1.48,1,-0.54,1.71,0.01,1,0.89,-0.47,-0.3
10/3/2024,2.92,-0.67,-0.25,2.91,1.73,-0.58,1.48,1,-0.54,1.62,0.01,1,0.89,-0.47,-0.25
10/4/2024,2.88,-0.67,-0.25,2.91,1.73,-0.58,1.48,1,-0.54,1.7,0.01,1,0.89,-0.48,-0.27
10/7/2024,2.8,-0.67,-0.26,2.91,1.73,-0.58,1.48,1,-0.54,1.59,0.01,1,0.89,-0.48,-0.2
10/8/2024,2.84,-0.66,-0.26,2.9,1.72,-0.58,1.49,1,-0.54,1.65,0.01,1,0.89,-0.47,-0.21
10/9/2024,2.83,-0.66,-0.27,2.9,1.74,-0.58,1.48,1,-0.54,1.69,0,1,0.89,-0.47,-0.2
10/10/2024,2.82,-0.66,-0.28,2.9,1.75,-0.57,1.48,1,-0.54,1.96,-0.01,1,0.89,-0.47,-0.19
10/11/2024,2.75,-0.66,-0.28,2.95,1.73,-0.58,1.48,1,-0.54,1.99,0.01,1,0.89,-0.48,-0.21
10/14/2024,2.78,-0.66,-0.28,2.94,1.74,-0.58,1.49,1,-0.54,1.96,0.01,1,0.89,-0.48,-0.22
10/15/2024,2.85,-0.66,-0.28,2.89,1.73,-0.58,1.49,1,-0.54,1.86,0,1,0.89,-0.48,-0.24
10/16/2024,2.87,-0.67,-0.29,2.88,1.72,-0.58,1.49,1,-0.54,1.84,0.01,1,0.89,-0.49,-0.3
10/17/2024,2.87,-0.67,-0.29,2.89,1.74,-0.58,1.5,1,-0.54,1.75,0,1,0.89,-0.49,-0.3
10/18/2024,2.86,-0.67,-0.29,2.89,1.73,-0.59,1.5,1,-0.54,1.81,0,1,0.89,-0.49,-0.36
10/21/2024,2.81,-0.67,-0.29,2.89,1.72,-0.58,1.5,1,-0.54,1.71,0,1,0.88,-0.48,-0.3
10/22/2024,2.82,-0.67,-0.29,2.89,1.72,-0.58,1.51,1,-0.54,1.69,0,1,0.88,-0.48,-0.31
10/23/2024,2.84,-0.67,-0.3,2.9,1.73,-0.58,1.5,1,-0.54,1.84,0,1,0.88,-0.48,-0.33
10/24/2024,2.82,-0.67,-0.3,2.89,1.75,-0.58,1.49,1,-0.54,1.9,-0.01,1,0.88,-0.48,-0.38
10/25/2024,2.82,-0.66,-0.3,2.89,1.75,-0.58,1.49,1,-0.54,1.95,-0.01,1,0.89,-0.48,-0.4
10/28/2024,2.78,-0.66,-0.3,2.92,1.76,-0.59,1.48,1,-0.54,1.88,0,1,0.89,-0.49,-0.41
10/29/2024,2.77,-0.66,-0.3,2.92,1.76,-0.58,1.46,1,-0.54,1.83,0,1,0.89,-0.48,-0.37
10/30/2024,2.77,-0.66,-0.3,2.93,1.78,-0.58,1.45,1,-0.54,1.69,0,1,0.89,-0.48,-0.41
10/31/2024,2.81,-0.67,-0.3,2.94,1.83,-0.59,1.45,1,-0.54,1.76,-0.01,1,0.9,-0.49,-0.39
11/1/2024,2.79,-0.67,-0.3,2.96,1.8,-0.59,1.45,1,-0.54,1.88,0,1,0.89,-0.49,-0.41
11/4/2024,2.8,-0.67,-0.3,2.95,1.82,-0.59,1.45,1,-0.54,1.9,0,1,0.9,-0.49,-0.42
11/5/2024,2.77,-0.66,-0.3,2.92,1.83,-0.59,1.44,1,-0.54,2.02,-0.01,1,0.9,-0.49,-0.46
11/6/2024,2.41,-0.66,-0.28,2.12,1.79,-0.6,1.45,1,-0.55,2.12,0.02,1,0.92,-0.51,-0.34
11/7/2024,2.44,-0.65,-0.28,2.13,1.82,-0.59,1.45,1,-0.55,2.07,0.02,1,0.91,-0.5,-0.41
11/8/2024,2.41,-0.66,-0.32,1.88,1.86,-0.59,1.42,1,-0.54,2.16,0,1,0.9,-0.5,-0.4
11/11/2024,2.37,-0.66,-0.32,1.62,1.86,-0.59,1.42,1,-0.54,2.12,0,1,0.91,-0.5,-0.45
11/12/2024,2.34,-0.66,-0.32,1.49,1.85,-0.59,1.4,1,-0.54,2.17,0,1,0.9,-0.5,-0.43
11/13/2024,2.34,-0.65,-0.31,1.47,1.87,-0.59,1.4,1,-0.54,2,0,1,0.9,-0.49,-0.45
11/14/2024,2.32,-0.66,-0.31,1.28,1.87,-0.58,1.39,1,-0.54,2.09,0,1,0.9,-0.49,-0.45
11/15/2024,2.33,-0.66,-0.31,1.46,1.87,-0.59,1.37,1,-0.54,2.14,0,1,0.9,-0.49,-0.51
11/18/2024,2.32,-0.66,-0.31,1.34,1.87,-0.59,1.36,1,-0.54,2.15,0,1,0.9,-0.49,-0.51
11/19/2024,2.35,-0.66,-0.31,1.45,1.88,-0.59,1.36,1,-0.54,2.29,0,1,0.9,-0.49,-0.52
11/20/2024,2.35,-0.65,-0.31,1.43,1.57,-0.59,1.35,1,-0.54,2.28,0,1,0.9,-0.49,-0.53
11/21/2024,2.32,-0.65,-0.3,1.29,1.74,-0.6,1.33,1,-0.54,2.18,-0.04,1,0.91,-0.49,-0.59
11/22/2024,2.24,-0.66,-0.3,0.91,1.75,-0.6,1.31,1,-0.54,2.17,-0.03,1,0.91,-0.49,-0.54
11/25/2024,2.17,-0.66,-0.3,0.64,1.75,-0.61,1.31,1,-0.55,2.22,-0.03,1,0.92,-0.49,-0.49
11/26/2024,2.19,-0.66,-0.29,0.73,1.74,-0.6,1.29,1,-0.54,2.16,-0.03,1,0.91,-0.49,-0.5
11/27/2024,2.2,-0.66,-0.29,0.75,1.73,-0.6,1.27,1,-0.55,2.15,-0.03,1,0.92,-0.49,-0.51
11/29/2024,2.2,-0.66,-0.28,0.77,1.74,-0.6,1.26,1,-0.55,2.07,-0.03,1,0.91,-0.49,-0.51
12/2/2024,2.19,-0.65,-0.29,0.73,1.71,-0.6,1.24,1,-0.55,1.92,-0.03,1,0.91,-0.49,-0.53
12/3/2024,2.2,-0.65,-0.3,0.83,1.74,-0.6,1.22,1,-0.54,2,-0.04,1,0.91,-0.48,-0.53
12/4/2024,2.22,-0.64,-0.3,0.9,1.74,-0.6,1.21,1,-0.54,2.03,-0.04,1,0.9,-0.48,-0.56
12/5/2024,2.21,-0.65,-0.3,0.84,1.74,-0.6,1.2,1,-0.54,2.07,-0.04,1,0.9,-0.48,-0.58
12/6/2024,2.16,-0.64,-0.3,0.61,1.73,-0.59,1.2,1,-0.54,2.02,-0.04,1,0.9,-0.48,-0.58
12/9/2024,2.19,-0.64,-0.3,0.73,1.74,-0.6,1.2,1,-0.54,2.05,-0.04,1,0.9,-0.49,-0.59
12/10/2024,2.21,-0.64,-0.3,0.78,1.75,-0.6,1.18,1,-0.54,1.92,-0.05,1,0.9,-0.49,-0.6
12/11/2024,2.24,-0.64,-0.3,0.89,1.75,-0.59,1.16,1,-0.54,1.8,-0.05,1,0.89,-0.48,-0.59
12/12/2024,2.23,-0.64,-0.3,0.87,1.76,-0.59,1.15,1,-0.54,1.89,-0.05,1,0.89,-0.48,-0.6
12/13/2024,2.24,-0.64,-0.29,0.87,1.76,-0.59,1.15,1,-0.54,1.81,-0.05,1,0.89,-0.48,-0.65
12/16/2024,2.17,-0.63,-0.24,0.58,1.76,-0.59,1.14,1,-0.54,1.85,-0.05,1,0.88,-0.47,-0.63
12/17/2024,2.18,-0.63,-0.24,0.6,1.73,-0.59,1.13,1,-0.54,1.73,-0.05,1,0.88,-0.47,-0.64
12/18/2024,1.8,-0.63,-0.24,-0.66,1.74,-0.58,1.13,1,-0.53,1.63,-0.05,1,0.88,-0.46,-0.43
12/19/2024,1.8,-0.62,-0.23,-0.66,1.72,-0.58,1.13,1,-0.53,1.76,-0.05,1,0.88,-0.46,-0.44
12/20/2024,1.84,-0.62,-0.23,-0.57,1.72,-0.58,1.12,1,-0.53,1.73,-0.04,1,0.88,-0.46,-0.49
12/23/2024,1.88,-0.62,-0.24,-0.46,1.72,-0.58,1.12,1,-0.53,1.73,-0.04,1,0.87,-0.46,-0.51
12/24/2024,1.84,-0.61,-0.24,-0.6,1.72,-0.58,1.11,1,-0.53,1.58,-0.04,1,0.87,-0.46,-0.5
12/26/2024,1.84,-0.62,-0.25,-0.58,1.73,-0.58,1.11,1,-0.53,1.42,-0.05,1,0.87,-0.47,-0.5
12/27/2024,1.84,-0.62,-0.25,-0.61,1.72,-0.59,1.1,1,-0.53,1.39,-0.04,1,0.88,-0.46,-0.5
12/30/2024,1.79,-0.62,-0.25,-0.74,1.69,-0.59,1.09,1,-0.53,1.39,-0.04,1,0.88,-0.47,-0.46
12/31/2024,1.82,-0.63,-0.25,-0.69,1.7,-0.59,1.1,1,-0.53,1.45,-0.05,1,0.87,-0.47,-0.45
1/2/2025,1.81,-0.63,-0.26,-0.71,1.64,-0.59,1.1,1,-0.53,1.48,-0.03,1,0.87,-0.47,-0.44
1/3/2025,1.85,-0.62,-0.26,-0.67,1.63,-0.58,1.09,1,-0.53,1.46,-0.02,1,0.87,-0.47,-0.49
1/6/2025,1.85,-0.62,-0.26,-0.6,1.63,-0.58,1.08,1,-0.53,1.53,-0.02,1,0.87,-0.46,-0.49
1/7/2025,1.98,-0.62,-0.27,-0.33,1.65,-0.58,1.08,1,-0.53,1.54,-0.02,1,0.87,-0.46,-0.48
1/8/2025,1.98,-0.62,-0.27,-0.31,1.67,-0.58,1.07,1,-0.53,1.46,-0.04,1,0.87,-0.46,-0.47
1/10/2025,1.98,-0.62,-0.27,-0.23,1.67,-0.58,1.05,1,-0.53,1.33,-0.04,1,0.87,-0.45,-0.49
1/13/2025,1.98,-0.62,-0.27,-0.25,1.67,-0.58,1.05,1,-0.53,1.37,-0.03,1,0.88,-0.45,-0.46
1/14/2025,1.96,-0.62,-0.26,-0.29,1.67,-0.59,1.05,1,-0.54,1.33,-0.03,1,0.88,-0.46,-0.46
1/15/2025,1.93,-0.61,-0.25,-0.38,1.67,-0.58,1.02,1,-0.53,1.22,-0.03,1,0.88,-0.46,-0.47
1/16/2025,1.94,-0.62,-0.25,-0.37,1.68,-0.59,1.01,1,-0.54,1.1,-0.04,1,0.89,-0.46,-0.47
1/17/2025,1.97,-0.62,-0.25,-0.27,1.68,-0.58,1,1,-0.54,1.07,-0.03,1,0.88,-0.46,-0.49
1/21/2025,1.95,-0.62,-0.25,-0.3,1.67,-0.59,0.99,1,-0.54,1.17,-0.03,1,0.89,-0.46,-0.53
1/22/2025,1.98,-0.61,-0.25,-0.15,1.66,-0.58,0.97,1,-0.53,1.21,-0.03,1,0.88,-0.45,-0.52
1/23/2025,1.98,-0.61,-0.25,-0.16,1.66,-0.58,0.97,1,-0.54,1.28,-0.02,1,0.88,-0.45,-0.54
1/24/2025,1.99,-0.61,-0.26,-0.13,1.67,-0.58,0.96,1,-0.53,1.41,-0.04,1,0.88,-0.45,-0.51
1/27/2025,2.37,-0.62,-0.26,0.97,1.71,-0.59,0.99,1,-0.54,1.39,-0.05,1,0.89,-0.45,-0.2
1/28/2025,2.5,-0.61,-0.25,1.71,1.69,-0.59,0.99,1,-0.54,1.38,-0.05,1,0.88,-0.45,-0.16
1/29/2025,2.55,-0.62,-0.23,1.93,1.71,-0.59,1,1,-0.54,1.35,-0.05,1,0.88,-0.45,-0.17
1/30/2025,2.52,-0.62,-0.22,1.66,1.72,-0.58,1,1,-0.54,1.41,-0.04,1,0.88,-0.45,-0.25
1/31/2025,2.55,-0.62,-0.2,1.85,1.71,-0.58,1.02,1,-0.54,1.36,-0.03,1,0.88,-0.45,-0.28
2/3/2025,2.58,-0.62,-0.2,1.95,1.69,-0.57,1.03,1,-0.54,1.49,-0.04,1,0.88,-0.44,-0.27
2/4/2025,2.54,-0.62,-0.19,1.71,1.68,-0.57,1.03,1,-0.54,1.58,-0.04,1,0.88,-0.45,-0.32
2/5/2025,2.58,-0.62,-0.19,1.92,1.69,-0.57,1.04,1,-0.54,1.69,-0.04,1,0.89,-0.45,-0.34
2/6/2025,2.59,-0.62,-0.2,2.01,1.71,-0.58,1.03,1,-0.54,1.48,-0.04,1,0.88,-0.45,-0.34
2/7/2025,2.52,-0.62,-0.21,1.7,1.7,-0.57,1.03,1,-0.54,1.46,-0.04,1,0.88,-0.45,-0.32
2/10/2025,2.54,-0.62,-0.22,1.8,1.7,-0.57,1.03,1,-0.54,1.46,-0.05,1,0.88,-0.45,-0.36
2/11/2025,2.55,-0.62,-0.23,1.82,1.72,-0.57,1.03,1,-0.54,1.39,-0.05,1,0.88,-0.45,-0.37
2/12/2025,2.57,-0.62,-0.23,1.86,1.72,-0.57,1.03,1,-0.54,1.3,-0.06,1,0.88,-0.45,-0.41
2/13/2025,2.61,-0.62,-0.23,1.98,1.73,-0.57,1.02,1,-0.53,1.21,-0.06,1,0.88,-0.45,-0.46
2/14/2025,2.6,-0.62,-0.23,1.96,1.71,-0.56,1.03,1,-0.54,1.25,-0.06,1,0.88,-0.45,-0.47
2/18/2025,2.61,-0.62,-0.23,1.98,1.73,-0.56,1.02,1,-0.53,1.17,-0.07,1,0.88,-0.45,-0.49
2/19/2025,2.61,-0.62,-0.24,1.99,1.72,-0.56,1.03,1,-0.53,1.23,-0.06,1,0.88,-0.45,-0.53
2/20/2025,2.57,-0.62,-0.24,1.79,1.74,-0.56,1.02,1,-0.53,1.28,-0.07,1,0.88,-0.44,-0.5
2/21/2025,2.51,-0.62,-0.24,1.52,1.74,-0.55,1.03,1,-0.53,1.43,-0.09,1,0.88,-0.44,-0.47
2/24/2025,2.53,-0.63,-0.24,1.55,1.74,-0.55,1.03,1,-0.53,1.44,-0.09,1,0.88,-0.44,-0.47
2/25/2025,2.51,-0.63,-0.23,1.38,1.77,-0.56,1.03,1,-0.53,1.32,-0.09,1,0.88,-0.44,-0.45
2/26/2025,2.51,-0.63,-0.23,1.42,1.46,-0.56,1.01,1,-0.53,0.6,-0.1,1,0.88,-0.44,-0.44
2/27/2025,2.66,-0.63,-0.21,2.12,1.52,-0.58,1.02,1,-0.53,0.91,-0.1,1,0.88,-0.44,-0.46
2/28/2025,2.73,-0.63,-0.2,2.55,1.55,-0.58,1.02,1,-0.53,0.73,-0.09,1,0.88,-0.44,-0.47
3/3/2025,2.84,-0.63,-0.19,2.89,1.53,-0.58,1.03,1,-0.53,0.74,-0.09,1,0.88,-0.43,-0.5
3/4/2025,2.74,-0.63,-0.18,2.73,1.54,-0.57,1.03,1,-0.53,0.59,-0.09,1,0.88,-0.43,-0.42
3/5/2025,2.67,-0.62,-0.18,2.43,1.57,-0.57,1.02,1,-0.53,0.49,-0.09,1,0.88,-0.43,-0.42
3/6/2025,2.71,-0.63,-0.17,2.49,1.58,-0.57,1.03,1,-0.53,0.55,-0.09,1,0.88,-0.43,-0.44
3/7/2025,2.75,-0.64,-0.16,2.61,1.57,-0.57,1.03,1,-0.53,0.72,-0.08,1,0.88,-0.44,-0.47
3/10/2025,2.59,-0.65,-0.17,1.77,1.6,-0.57,1.04,1,-0.53,0.83,-0.09,1,0.89,-0.43,-0.35
3/11/2025,2.57,-0.64,-0.16,1.71,1.6,-0.57,1.04,1,-0.54,0.88,-0.08,1,0.89,-0.44,-0.38
3/12/2025,2.59,-0.64,-0.16,1.88,1.59,-0.57,1.04,1,-0.54,0.95,-0.07,1,0.88,-0.44,-0.34
3/13/2025,2.47,-0.64,-0.17,1.35,1.58,-0.57,1.05,1,-0.53,0.92,-0.08,1,0.88,-0.44,-0.29
3/14/2025,2.48,-0.64,-0.18,1.4,1.58,-0.57,1.04,1,-0.54,0.86,-0.08,1,0.88,-0.44,-0.32
3/17/2025,2.44,-0.64,-0.12,1.2,1.59,-0.57,1.05,1,-0.54,0.93,-0.07,1,0.89,-0.44,-0.29
3/18/2025,2.46,-0.65,-0.13,1.28,1.6,-0.58,1.07,1,-0.54,1.06,-0.07,1,0.89,-0.44,-0.29
3/19/2025,2.41,-0.64,-0.13,1.06,1.59,-0.58,1.07,1,-0.54,1.04,-0.06,1,0.89,-0.44,-0.3
3/20/2025,2.41,-0.65,-0.13,1.03,1.58,-0.57,1.07,1,-0.54,1.01,-0.06,1,0.89,-0.44,-0.3
3/21/2025,2.4,-0.64,-0.12,0.98,1.59,-0.57,1.06,1,-0.54,1.08,-0.06,1,0.88,-0.44,-0.31
3/24/2025,2.32,-0.64,-0.12,0.64,1.58,-0.57,1.06,1,-0.54,1,-0.06,1,0.89,-0.43,-0.3
3/25/2025,2.3,-0.63,-0.12,0.62,1.58,-0.57,1.06,1,-0.53,0.9,-0.06,1,0.88,-0.43,-0.3
3/26/2025,2.38,-0.64,-0.12,0.89,1.61,-0.57,1.1,1,-0.54,0.8,-0.07,1,0.89,-0.43,-0.28
3/27/2025,2.39,-0.64,-0.11,0.88,1.62,-0.57,1.1,1,-0.54,0.92,-0.07,1,0.89,-0.43,-0.28
3/28/2025,2.29,-0.64,-0.11,0.6,1.6,-0.58,1.09,1,-0.54,0.58,-0.07,1,0.89,-0.43,-0.22
3/31/2025,2.3,-0.64,-0.1,0.57,1.64,-0.58,1.09,1,-0.53,0.65,-0.08,1,0.85,-0.43,-0.2
4/1/2025,2.3,-0.64,-0.08,0.59,1.58,-0.58,1.09,1,-0.53,0.34,-0.09,1,0.85,-0.43,-0.21
4/2/2025,2.25,-0.64,-0.08,0.41,1.58,-0.58,1.09,1,-0.53,0.48,-0.1,1,0.85,-0.43,-0.21
4/3/2025,1.91,-0.64,-0.07,-0.33,1.57,-0.58,1.09,1,-0.53,0.49,-0.1,1,0.85,-0.42,-0.04
4/4/2025,1.9,-0.64,-0.07,-0.36,1.58,-0.58,1.08,1,-0.53,0.33,-0.11,1,0.85,-0.42,-0.01
4/7/2025,1.87,-0.63,-0.07,-0.4,1.57,-0.57,1.07,1,-0.53,0.4,-0.1,1,0.85,-0.42,0.01
4/8/2025,1.83,-0.63,-0.07,-0.51,1.56,-0.57,1.07,1,-0.53,0.29,-0.1,1,0.84,-0.42,-0.01
4/9/2025,1.87,-0.61,-0.07,-0.04,1.57,-0.57,1.04,1,-0.53,0.38,-0.11,1,0.88,-0.42,-0.01
4/10/2025,1.85,-0.61,-0.08,-0.16,1.57,-0.57,1.05,1,-0.53,0.61,-0.11,1,0.88,-0.41,0
4/11/2025,1.86,-0.61,-0.09,-0.09,1.56,-0.56,1.05,1,-0.53,0.66,-0.09,1,0.88,-0.41,-0.03
4/14/2025,1.86,-0.61,-0.1,-0.11,1.56,-0.57,1.07,1,-0.53,0.78,-0.1,1,0.88,-0.41,-0.05
4/15/2025,1.86,-0.6,-0.1,-0.11,1.54,-0.57,1.07,1,-0.53,0.67,-0.09,1,0.88,-0.41,-0.04
4/16/2025,1.93,-0.61,-0.1,0.14,1.54,-0.57,1.08,1,-0.54,0.56,-0.09,1,0.89,-0.41,-0.05
4/17/2025,1.93,-0.61,-0.09,0.09,1.53,-0.57,1.08,1,-0.54,0.57,-0.09,1,0.9,-0.41,-0.04
4/21/2025,1.96,-0.62,-0.08,0.18,1.55,-0.57,1.09,1,-0.54,0.61,-0.09,1,0.9,-0.41,-0.06
4/22/2025,1.92,-0.62,-0.07,0.03,1.54,-0.57,1.1,1,-0.54,0.57,-0.08,1,0.9,-0.41,-0.05
4/23/2025,1.9,-0.61,-0.06,0,1.52,-0.57,1.09,1,-0.54,0.62,-0.07,1,0.89,-0.41,-0.06
4/24/2025,1.86,-0.61,-0.06,-0.07,1.53,-0.57,1.1,1,-0.54,0.57,-0.07,1,0.89,-0.41,-0.07
4/25/2025,1.86,-0.61,-0.06,-0.04,1.54,-0.57,1.1,1,-0.54,0.37,-0.08,1,0.89,-0.41,-0.05
4/28/2025,1.87,-0.61,-0.07,-0.05,1.54,-0.57,1.06,1,-0.54,0.29,-0.08,1,0.89,-0.41,-0.05
4/29/2025,1.87,-0.61,-0.07,-0.05,1.53,-0.57,1.03,1,-0.54,0.31,-0.09,1,0.89,-0.41,-0.05
4/30/2025,1.87,-0.61,-0.07,-0.06,1.54,-0.57,1.01,1,-0.54,0.23,-0.08,1,0.89,-0.41,-0.05
5/1/2025,1.86,-0.6,-0.07,-0.03,1.44,-0.57,1,1,-0.54,0.28,-0.07,1,0.88,-0.41,-0.07
5/2/2025,1.85,-0.6,-0.07,-0.09,1.46,-0.57,0.98,1,-0.54,0.25,-0.07,1,0.89,-0.41,-0.1
5/5/2025,1.85,-0.6,-0.07,-0.1,1.46,-0.57,0.97,1,-0.54,0.12,-0.08,1,0.89,-0.41,-0.1
5/6/2025,1.84,-0.61,-0.07,-0.12,1.48,-0.58,0.97,1,-0.54,0.05,-0.09,1,0.89,-0.41,-0.11
5/7/2025,1.85,-0.6,-0.08,-0.09,1.5,-0.57,0.96,1,-0.54,0.2,-0.1,1,0.89,-0.41,-0.11
5/8/2025,1.81,-0.6,-0.08,-0.17,1.53,-0.58,0.96,1,-0.54,0.2,-0.12,1,0.89,-0.42,-0.14
5/9/2025,1.81,-0.6,-0.08,-0.18,1.53,-0.58,0.96,1,-0.54,0.54,-0.12,1,0.89,-0.42,-0.15
5/12/2025,1.72,-0.6,-0.09,-0.28,1.53,-0.57,0.96,1,-0.54,0.42,-0.12,1,0.89,-0.43,-0.13
5/13/2025,1.72,-0.6,-0.09,-0.23,1.53,-0.57,0.95,1,-0.54,0.47,-0.12,1,0.89,-0.43,-0.1
5/14/2025,1.72,-0.6,-0.11,-0.23,1.54,-0.57,0.95,1,-0.54,0.43,-0.14,1,0.88,-0.42,-0.07
5/15/2025,1.73,-0.6,-0.15,-0.22,1.53,-0.57,0.95,1,-0.54,0.48,-0.14,1,0.89,-0.42,-0.07
5/16/2025,1.73,-0.6,-0.16,-0.24,1.53,-0.57,0.96,1,-0.54,0.28,-0.15,1,0.89,-0.42,-0.08
5/19/2025,1.74,-0.6,-0.17,-0.24,1.53,-0.57,0.96,1,-0.54,0.16,-0.14,1,0.89,-0.42,-0.09
5/20/2025,1.74,-0.6,-0.16,-0.24,1.51,-0.57,0.97,1,-0.54,0.08,-0.12,1,0.89,-0.42,-0.09
5/21/2025,1.73,-0.59,-0.16,-0.28,1.51,-0.56,0.98,1,-0.54,0.05,-0.11,1,0.88,-0.41,-0.09
5/22/2025,1.73,-0.59,-0.16,-0.29,1.53,-0.56,0.98,1,-0.54,0.12,-0.12,1,0.88,-0.41,-0.09
5/23/2025,1.73,-0.59,-0.16,-0.28,1.52,-0.57,0.99,1,-0.54,0.19,-0.12,1,0.88,-0.41,-0.12
5/27/2025,1.72,-0.59,-0.16,-0.32,1.52,-0.57,0.99,1,-0.54,0.33,-0.12,1,0.88,-0.41,-0.12
5/28/2025,1.72,-0.58,-0.16,-0.31,1.21,-0.57,0.99,1,-0.54,0.24,-0.11,1,0.88,-0.41,-0.14
5/29/2025,1.72,-0.58,-0.16,-0.28,1.23,-0.57,0.98,1,-0.54,0.23,-0.11,1,0.88,-0.41,-0.13
5/30/2025,1.73,-0.58,-0.17,-0.27,1.24,-0.57,0.97,1,-0.54,0.21,-0.12,1,0.88,-0.41,-0.11
6/2/2025,1.73,-0.58,-0.17,-0.26,1.2,-0.57,0.97,1,-0.54,0.28,-0.1,1,0.87,-0.41,-0.12
6/3/2025,1.73,-0.58,-0.17,-0.25,1.19,-0.57,0.96,1,-0.54,0.32,-0.1,1,0.88,-0.41,-0.13
6/4/2025,1.73,-0.58,-0.17,-0.25,1.17,-0.57,0.96,1,-0.54,0.3,-0.11,1,0.87,-0.41,-0.14
6/5/2025,1.74,-0.58,-0.17,-0.23,1.17,-0.57,0.96,1,-0.54,0.31,-0.1,1,0.88,-0.41,-0.15
6/6/2025,1.72,-0.58,-0.18,-0.3,1.18,-0.57,0.95,1,-0.54,0.41,-0.09,1,0.88,-0.42,-0.16
6/9/2025,1.7,-0.58,-0.18,-0.32,1.17,-0.58,0.96,1,-0.54,0.41,-0.09,1,0.88,-0.42,-0.18
6/10/2025,1.71,-0.58,-0.18,-0.33,1.17,-0.57,0.95,1,-0.54,0.38,-0.1,1,0.88,-0.43,-0.19
6/11/2025,1.71,-0.59,-0.18,-0.33,1.18,-0.57,0.94,1,-0.54,0.47,-0.09,1,0.88,-0.42,-0.21
6/12/2025,1.72,-0.59,-0.18,-0.3,1.17,-0.57,0.93,1,-0.54,0.66,-0.1,1,0.87,-0.42,-0.21
6/13/2025,1.72,-0.59,-0.18,-0.3,1.18,-0.57,0.93,1,-0.54,0.8,-0.11,1,0.87,-0.42,-0.23
6/16/2025,1.7,-0.58,-0.18,-0.34,1.18,-0.57,0.92,1,-0.54,0.76,-0.1,1,0.87,-0.42,-0.24
6/17/2025,1.7,-0.58,-0.18,-0.36,1.19,-0.57,0.91,1,-0.54,0.75,-0.11,1,0.87,-0.41,-0.24
6/18/2025,1.69,-0.58,-0.18,-0.37,1.18,-0.57,0.9,1,-0.54,0.73,-0.1,1,0.87,-0.41,-0.25
6/20/2025,1.7,-0.58,-0.18,-0.36,1.18,-0.57,0.89,1,-0.54,0.72,-0.1,1,0.87,-0.41,-0.25
6/23/2025,1.69,-0.58,-0.18,-0.39,1.19,-0.57,0.9,1,-0.54,0.67,-0.11,1,0.87,-0.41,-0.25
6/24/2025,1.68,-0.58,-0.18,-0.41,1.18,-0.57,0.89,1,-0.54,0.69,-0.1,1,0.87,-0.41,-0.26
6/25/2025,1.66,-0.57,-0.19,-0.43,1.2,-0.57,0.9,1,-0.54,0.66,-0.1,1,0.87,-0.42,-0.22
6/26/2025,1.65,-0.57,-0.19,-0.47,1.21,-0.57,0.89,1,-0.54,0.71,-0.11,1,0.87,-0.42,-0.23
6/27/2025,1.65,-0.57,-0.2,-0.43,1.22,-0.57,0.89,1,-0.53,0.71,-0.11,1,0.87,-0.42,-0.23
6/30/2025,1.66,-0.57,-0.2,-0.47,1.21,-0.57,0.88,1,-0.53,0.83,-0.11,1,0.82,-0.42,-0.24
7/1/2025,1.67,-0.58,-0.2,-0.45,1.19,-0.58,0.88,1,-0.53,0.66,-0.12,1,0.83,-0.43,-0.24
7/2/2025,1.66,-0.58,-0.2,-0.46,1.18,-0.59,0.88,1,-0.53,0.7,-0.12,1,0.83,-0.43,-0.23
7/3/2025,1.66,-0.58,-0.2,-0.45,1.18,-0.58,0.88,1,-0.53,0.79,-0.12,1,0.83,-0.43,-0.24
7/7/2025,1.65,-0.58,-0.2,-0.44,1.19,-0.58,0.88,1,-0.54,0.82,-0.13,1,0.87,-0.42,-0.25
7/8/2025,1.65,-0.58,-0.2,-0.45,1.18,-0.58,0.88,1,-0.54,0.76,-0.12,1,0.87,-0.43,-0.26
7/9/2025,1.65,-0.58,-0.2,-0.44,1.16,-0.58,0.87,1,-0.54,0.78,-0.1,1,0.87,-0.43,-0.27
7/10/2025,1.65,-0.59,-0.21,-0.44,1.16,-0.58,0.86,1,-0.54,0.82,-0.11,1,0.87,-0.43,-0.28
7/11/2025,1.63,-0.58,-0.21,-0.46,1.16,-0.58,0.85,1,-0.54,0.87,-0.11,1,0.87,-0.43,-0.3
7/14/2025,1.63,-0.59,-0.21,-0.48,1.15,-0.57,0.85,1,-0.54,0.83,-0.1,1,0.87,-0.43,-0.31
7/15/2025,1.59,-0.58,-0.21,-0.55,1.26,-0.57,0.84,1,-0.53,0.86,-0.11,1,0.86,-0.42,-0.25
7/16/2025,1.59,-0.58,-0.22,-0.58,1.27,-0.57,0.84,1,-0.53,0.8,-0.1,1,0.86,-0.42,-0.26
7/17/2025,1.58,-0.58,-0.22,-0.59,1.26,-0.57,0.83,1,-0.53,0.84,-0.1,1,0.87,-0.42,-0.27
7/18/2025,1.58,-0.58,-0.22,-0.59,1.26,-0.57,0.81,1,-0.53,0.82,-0.1,1,0.86,-0.42,-0.28
7/21/2025,1.58,-0.58,-0.22,-0.59,1.27,-0.57,0.8,1,-0.53,0.84,-0.1,1,0.86,-0.42,-0.28
7/22/2025,1.58,-0.58,-0.22,-0.59,1.26,-0.57,0.8,1,-0.53,0.81,-0.09,1,0.87,-0.43,-0.27
7/23/2025,1.58,-0.58,-0.22,-0.58,1.27,-0.57,0.79,1,-0.54,0.77,-0.09,1,0.87,-0.43,-0.29
7/24/2025,1.57,-0.58,-0.21,-0.59,1.24,-0.57,0.77,1,-0.53,0.8,-0.04,1,0.86,-0.42,-0.32
7/25/2025,1.57,-0.58,-0.21,-0.6,1.24,-0.57,0.77,1,-0.53,0.98,-0.05,1,0.86,-0.42,-0.32
7/28/2025,1.55,-0.58,-0.21,-0.61,1.24,-0.57,0.76,1,-0.53,0.95,-0.06,1,0.86,-0.42,-0.31
7/29/2025,1.56,-0.58,-0.22,-0.61,1.25,-0.57,0.75,1,-0.53,1,-0.07,1,0.86,-0.42,-0.39
7/30/2025,1.55,-0.58,-0.21,-0.61,1.26,-0.57,0.75,1,-0.52,0.97,-0.06,1,0.86,-0.41,-0.4
7/31/2025,1.55,-0.58,-0.22,-0.61,1.24,-0.57,0.75,1,-0.52,0.89,-0.06,1,0.85,-0.41,-0.45
8/1/2025,1.53,-0.58,-0.22,-0.65,1.25,-0.57,0.75,1,-0.52,0.99,-0.07,1,0.85,-0.41,-0.45
8/4/2025,1.54,-0.57,-0.22,-0.65,1.24,-0.57,0.75,1,-0.53,0.99,-0.07,1,0.85,-0.42,-0.47
8/5/2025,1.53,-0.57,-0.22,-0.66,1.26,-0.57,0.76,1,-0.53,0.97,-0.07,1,0.86,-0.42,-0.48
8/6/2025,1.53,-0.57,-0.22,-0.66,1.3,-0.57,0.76,1,-0.52,1.06,-0.08,1,0.85,-0.42,-0.5
8/7/2025,1.53,-0.58,-0.23,-0.68,1.31,-0.57,0.75,1,-0.52,1.11,-0.08,1,0.85,-0.42,-0.51
8/8/2025,1.53,-0.58,-0.23,-0.67,1.32,-0.57,0.75,1,-0.52,1.13,-0.09,1,0.85,-0.42,-0.52
8/11/2025,1.53,-0.57,-0.23,-0.68,1.33,-0.57,0.75,1,-0.52,1.15,-0.1,1,0.85,-0.42,-0.52
8/12/2025,1.48,-0.57,-0.23,-0.76,1.33,-0.57,0.75,1,-0.52,1.08,-0.09,1,0.85,-0.43,-0.52
8/13/2025,1.47,-0.58,-0.23,-0.78,1.34,-0.58,0.74,1,-0.53,1.25,-0.1,1,0.86,-0.44,-0.53
8/14/2025,1.47,-0.58,-0.23,-0.78,1.35,-0.58,0.74,1,-0.52,1.24,-0.09,1,0.85,-0.43,-0.54
8/15/2025,1.47,-0.58,-0.23,-0.79,1.35,-0.58,0.74,1,-0.52,1.24,-0.08,1,0.85,-0.43,-0.54
8/18/2025,1.46,-0.58,-0.23,-0.79,1.35,-0.58,0.74,1,-0.52,1.2,-0.09,1,0.85,-0.43,-0.55
8/19/2025,1.49,-0.59,-0.23,-0.78,1.36,-0.58,0.74,1,-0.52,1.18,-0.09,1,0.86,-0.43,-0.54
8/20/2025,1.49,-0.59,-0.23,-0.79,1.35,-0.58,0.74,1,-0.52,1.11,-0.09,1,0.86,-0.43,-0.54
8/21/2025,1.49,-0.59,-0.23,-0.79,1.36,-0.58,0.73,1,-0.53,1.19,-0.09,1,0.86,-0.43,-0.54
8/22/2025,1.43,-0.59,-0.23,-0.88,1.36,-0.59,0.73,1,-0.53,1.24,-0.09,1,0.86,-0.45,-0.55
8/25/2025,1.42,-0.59,-0.22,-0.89,1.36,-0.59,0.73,1,-0.53,1.21,-0.08,1,0.86,-0.45,-0.54
8/26/2025,1.41,-0.59,-0.22,-0.9,1.33,-0.59,0.72,1,-0.53,1.28,-0.06,1,0.86,-0.45,-0.54
8/27/2025,1.41,-0.6,-0.23,-0.89,1.1,-0.59,0.72,1,-0.52,1.25,-0.05,1,0.86,-0.45,-0.55
8/28/2025,1.39,-0.6,-0.22,-0.92,1.23,-0.6,0.7,1,-0.52,1.31,-0.04,1,0.86,-0.44,-0.57
8/29/2025,1.42,-0.6,-0.22,-0.89,1.28,-0.6,0.71,1,-0.52,1.25,-0.03,1,0.86,-0.44,-0.57
9/2/2025,1.43,-0.6,-0.21,-0.87,1.28,-0.6,0.71,1,-0.52,1.2,-0.03,1,0.86,-0.44,-0.58
9/3/2025,1.43,-0.6,-0.2,-0.88,1.27,-0.6,0.7,1,-0.52,1.26,-0.04,1,0.85,-0.44,-0.6
9/4/2025,1.41,-0.6,-0.2,-0.9,1.29,-0.6,0.69,1,-0.52,1.23,-0.03,1,0.85,-0.44,-0.6
9/5/2025,1.4,-0.6,-0.19,-0.92,1.27,-0.6,0.69,1,-0.52,1.21,-0.03,1,0.86,-0.44,-0.6
9/8/2025,1.39,-0.6,-0.19,-0.93,1.26,-0.59,0.69,1,-0.52,1.23,-0.04,1,0.86,-0.44,-0.62
9/9/2025,1.4,-0.6,-0.19,-0.93,1.25,-0.59,0.68,1,-0.52,1.21,-0.03,1,0.85,-0.44,-0.61
9/10/2025,1.41,-0.59,-0.19,-0.89,1.24,-0.59,0.68,1,-0.52,1.17,-0.02,1,0.85,-0.44,-0.66
9/11/2025,1.38,-0.59,-0.19,-0.95,1.24,-0.59,0.68,1,-0.52,1.16,-0.02,1,0.85,-0.44,-0.68
9/12/2025,1.37,-0.59,-0.19,-0.96,1.24,-0.59,0.68,1,-0.52,1.15,-0.02,1,0.85,-0.43,-0.69
9/15/2025,1.34,-0.58,-0.19,-0.99,1.23,-0.59,0.67,1,-0.52,1.16,-0.03,1,0.84,-0.43,-0.69
9/16/2025,1.34,-0.58,-0.19,-0.99,1.24,-0.59,0.66,1,-0.52,1.15,-0.03,1,0.84,-0.43,-0.69
9/17/2025,1.35,-0.58,-0.19,-0.98,1.23,-0.59,0.67,1,-0.52,1.17,-0.03,1,0.84,-0.43,-0.67
9/18/2025,1.35,-0.58,-0.18,-0.95,1.22,-0.59,0.67,1,-0.52,1.06,-0.01,1,0.85,-0.43,-0.67
9/19/2025,1.35,-0.58,-0.18,-0.98,1.22,-0.58,0.66,1,-0.52,1.03,0,1,0.84,-0.42,-0.68
9/22/2025,1.37,-0.58,-0.18,-0.94,1.21,-0.58,0.67,1,-0.52,1.02,0,1,0.84,-0.42,-0.67
9/23/2025,1.39,-0.58,-0.18,-0.92,1.2,-0.59,0.67,1,-0.52,1.04,0.01,1,0.84,-0.43,-0.66
9/24/2025,1.39,-0.58,-0.19,-0.91,1.22,-0.58,0.66,1,-0.52,1.07,0,1,0.84,-0.43,-0.67
9/25/2025,1.38,-0.58,-0.19,-0.94,1.21,-0.58,0.66,1,-0.52,1.07,0,1,0.84,-0.43,-0.67
9/26/2025,1.38,-0.58,-0.19,-0.95,1.22,-0.58,0.66,1,-0.52,1.06,0,1,0.84,-0.43,-0.67
9/29/2025,1.38,-0.57,-0.19,-0.95,1.22,-0.58,0.66,1,-0.52,0.99,0.01,1,0.84,-0.43,-0.68
9/30/2025,1.4,-0.57,-0.19,-0.94,1.22,-0.58,0.66,1,-0.52,0.89,0.01,1,0.84,-0.42,-0.68
